number,element,Z,line,energy_keV,intensity,error
2,B,5,Ka2,0.183,0.056,0.023
1,B,5,Ka1,0.183,0.11,0.05
3,C,6,Ka1,0.277,0.19,0.08
4,C,6,Ka2,0.277,0.09,0.04
5,N,7,Ka1,0.392,0.35,0.14
6,N,7,Ka2,0.392,0.17,0.07
7,O,8,Ka1,0.525,0.55,0.22
8,O,8,Ka2,0.525,0.28,0.11
9,F,9,Ka1,0.677,0.9,0.4
10,F,9,Ka2,0.677,0.43,0.17
12,Ne,10,Ka2,0.848,0.6,0.06
11,Ne,10,Ka1,0.849,1.2,0.12
13,Na,11,Ka1,1.041,1.53,0.16
14,Na,11,Ka2,1.041,0.77,0.08
16,Mg,12,Ka2,1.254,1,0.1
15,Mg,12,Ka1,1.254,2,0.2
18,Al,13,Ka2,1.486,1.29,0.13
17,Al,13,Ka1,1.487,2.6,0.3
19,Al,13,Kb1,1.554,0.0155,0.0016
20,Al,13,Kb3,1.554,0.0079,0.0008
22,Si,14,Ka2,1.739,1.64,0.17
21,Si,14,Ka1,1.74,3.3,0.3
23,Si,14,Kb1,1.836,0.056,0.006
24,Si,14,Kb3,1.836,0.028,0.003
26,P,15,Ka2,2.009,2.04,0.21
25,P,15,Ka1,2.01,4.1,0.4
27,P,15,Kb1,2.136,0.122,0.012
28,P,15,Kb3,2.136,0.062,0.006
30,S,16,Ka2,2.307,2.49,0.25
29,S,16,Ka1,2.308,5,0.5
31,S,16,Kb1,2.464,0.229,0.023
32,S,16,Kb3,2.464,0.116,0.012
34,Cl,17,Ka2,2.621,3,0.3
33,Cl,17,Ka1,2.622,6.1,0.6
35,Cl,17,Kb1,2.816,0.38,0.04
36,Cl,17,Kb3,2.816,0.192,0.02
41,Ar,18,Lb1,0.251,0.011,0.003
43,Ar,18,Lb4,0.31,0.0024,0.0009
42,Ar,18,Lb3,0.31,0.0038,0.0013
38,Ar,18,Ka2,2.955,3.6,0.4
37,Ar,18,Ka1,2.957,7.3,0.7
39,Ar,18,Kb1,3.19,0.58,0.06
40,Ar,18,Kb3,3.19,0.3,0.03
48,K,19,Lb1,0.296,0.013,0.004
49,K,19,Lb3,0.359,0.005,0.0017
50,K,19,Lb4,0.359,0.001,0.0005
45,K,19,Ka2,3.311,4.3,0.4
44,K,19,Ka1,3.314,8.5,0.9
46,K,19,Kb1,3.59,0.79,0.08
47,K,19,Kb3,3.59,0.4,0.04
55,Ca,20,Lb1,0.35,0.016,0.004
56,Ca,20,Lb3,0.412,0.0062,0.0019
57,Ca,20,Lb4,0.412,0.0039,0.0012
52,Ca,20,Ka2,3.688,4.93,0.22
51,Ca,20,Ka1,3.692,9.8,0.4
53,Ca,20,Kb1,4.013,1.02,0.05
54,Ca,20,Kb3,4.013,0.519,0.023
69,Sc,21,Ll,0.348,0.026,0.007
68,Sc,21,Ln,0.353,0.02,0.005
62,Sc,21,La1,0.396,0.026,0.007
63,Sc,21,La2,0.396,0.0028,0.0007
64,Sc,21,Lb1,0.4,0.02,0.005
67,Sc,21,Lb6,0.402,0.0017,0.0004
65,Sc,21,Lb3,0.468,0.0075,0.0023
66,Sc,21,Lb4,0.468,0.0048,0.0015
59,Sc,21,Ka2,4.086,5.68,0.25
58,Sc,21,Ka1,4.091,11.3,0.5
61,Sc,21,Kb3,4.461,0.62,0.03
60,Sc,21,Kb1,4.461,1.22,0.06
81,Ti,22,Ll,0.395,0.029,0.008
80,Ti,22,Ln,0.401,0.022,0.006
74,Ti,22,La1,0.452,0.063,0.016
75,Ti,22,La2,0.452,0.007,0.0018
79,Ti,22,Lb6,0.456,0.0018,0.0005
76,Ti,22,Lb1,0.458,0.05,0.012
77,Ti,22,Lb3,0.529,0.009,0.003
78,Ti,22,Lb4,0.529,0.0056,0.0017
71,Ti,22,Ka2,4.505,6.4,0.3
70,Ti,22,Ka1,4.511,12.8,0.6
73,Ti,22,Kb3,4.932,0.72,0.03
72,Ti,22,Kb1,4.932,1.42,0.06
93,V,23,Ll,0.446,0.034,0.009
92,V,23,Ln,0.454,0.026,0.007
86,V,23,La1,0.511,0.12,0.03
87,V,23,La2,0.511,0.013,0.003
91,V,23,Lb6,0.513,0.0022,0.0006
88,V,23,Lb1,0.518,0.096,0.024
89,V,23,Lb3,0.59,0.01,0.003
90,V,23,Lb4,0.59,0.0067,0.002
83,V,23,Ka2,4.945,7.3,0.3
82,V,23,Ka1,4.952,14.5,0.7
84,V,23,Kb1,5.427,1.64,0.07
85,V,23,Kb3,5.427,0.84,0.04
104,Cr,24,Ll,0.5,0.033,0.009
103,Cr,24,Ln,0.51,0.025,0.006
98,Cr,24,La1,0.572,0.19,0.05
99,Cr,24,La2,0.572,0.021,0.005
100,Cr,24,Lb1,0.581,0.15,0.04
101,Cr,24,Lb3,0.652,0.012,0.004
102,Cr,24,Lb4,0.652,0.0079,0.0024
95,Cr,24,Ka2,5.405,8.3,0.4
94,Cr,24,Ka1,5.415,16.4,0.7
97,Cr,24,Kb3,5.947,0.94,0.04
96,Cr,24,Kb1,5.947,1.84,0.08
116,Mn,25,Ll,0.556,0.038,0.01
115,Mn,25,Ln,0.568,0.026,0.007
109,Mn,25,La1,0.637,0.26,0.007
110,Mn,25,La2,0.637,0.029,0.007
114,Mn,25,Lb6,0.64,0.0023,0.0006
111,Mn,25,Lb1,0.648,0.2,0.05
112,Mn,25,Lb3,0.72,0.014,0.004
113,Mn,25,Lb4,0.72,0.009,0.003
106,Mn,25,Ka2,5.888,9.3,0.4
105,Mn,25,Ka1,5.899,18.3,0.8
107,Mn,25,Kb1,6.49,2.14,0.1
108,Mn,25,Kb3,6.49,1.09,0.05
129,Fe,26,Ll,0.615,0.04,0.011
128,Fe,26,Ln,0.628,0.028,0.007
123,Fe,26,La2,0.704,0.037,0.009
122,Fe,26,La1,0.704,0.33,0.08
127,Fe,26,Lb6,0.708,0.0022,0.0006
124,Fe,26,Lb1,0.717,0.25,0.06
126,Fe,26,Lb4,0.792,0.01,0.003
125,Fe,26,Lb3,0.792,0.016,0.005
118,Fe,26,Ka2,6.391,10.2,0.5
117,Fe,26,Ka1,6.404,20.2,0.9
120,Fe,26,Kb3,7.058,1.23,0.006
119,Fe,26,Kb1,7.058,2.4,0.11
121,Fe,26,Kb5,7.108,0.00127,7E-05
142,Co,27,Ll,0.678,0.043,0.011
141,Co,27,Ln,0.693,0.028,0.007
136,Co,27,La2,0.776,0.045,0.011
135,Co,27,La1,0.776,0.41,0.1
140,Co,27,Lb6,0.779,0.0022,0.0006
137,Co,27,Lb1,0.791,0.31,0.08
138,Co,27,Lb3,0.866,0.018,0.005
139,Co,27,Lb4,0.866,0.012,0.004
131,Co,27,Ka2,6.915,11.2,0.5
130,Co,27,Ka1,6.93,22.1,1
132,Co,27,Kb1,7.649,2.65,0.12
133,Co,27,Kb3,7.649,1.36,0.06
134,Co,27,Kb5,7.706,0.00188,0.00011
155,Ni,28,Ll,0.743,0.045,0.012
154,Ni,28,Ln,0.76,0.026,0.007
149,Ni,28,La2,0.851,0.056,0.014
148,Ni,28,La1,0.851,0.5,0.13
153,Ni,28,Lb6,0.855,0.0022,0.0006
150,Ni,28,Lb1,0.868,0.34,0.09
152,Ni,28,Lb4,0.94,0.013,0.004
151,Ni,28,Lb3,0.94,0.02,0.006
144,Ni,28,Ka2,7.461,12.2,0.6
143,Ni,28,Ka1,7.478,24,1.1
146,Ni,28,Kb3,8.265,1.48,0.07
145,Ni,28,Kb1,8.265,2.88,0.13
147,Ni,28,Kb5,8.329,0.00264,0.00015
167,Cu,29,Ll,0.811,0.048,0.013
166,Cu,29,Ln,0.831,0.028,0.007
162,Cu,29,La2,0.929,0.066,0.017
161,Cu,29,La1,0.929,0.6,0.15
163,Cu,29,Lb1,0.949,0.39,0.1
165,Cu,29,Lb4,1.022,0.014,0.004
164,Cu,29,Lb3,1.022,0.021,0.006
157,Cu,29,Ka2,8.028,13.3,0.06
156,Cu,29,Ka1,8.048,26,1.2
159,Cu,29,Kb3,8.905,1.59,0.07
158,Cu,29,Kb1,8.905,3.1,0.14
160,Cu,29,Kb5,8.977,0.00365,0.00021
180,Zb,30,Ll,0.884,0.047,0.01
179,Zb,30,Ln,0.907,0.029,0.007
173,Zb,30,La1,1.012,0.65,0.13
174,Zb,30,La2,1.012,0.072,0.015
178,Zb,30,Lb6,1.02,0.0021,0.0004
175,Zb,30,Lb1,1.035,0.42,0.11
176,Zb,30,Lb3,1.107,0.023,0.007
177,Zb,30,Lb4,1.107,0.015,0.005
169,Zb,30,Ka2,8.616,14.3,0.5
168,Zb,30,Ka1,8.639,28,1
171,Zb,30,Kb3,9.572,1.74,0.06
170,Zb,30,Kb1,9.572,3.39,0.12
172,Zb,30,Kb5,9.651,0.00504,0.00025
195,Ga,31,Ll,0.957,0.048,0.01
194,Ga,31,Ln,0.984,0.03,0.008
188,Ga,31,La2,1.098,0.077,0.016
187,Ga,31,La1,1.098,0.7,0.14
192,Ga,31,Lb6,1.114,0.0027,0.0005
189,Ga,31,Lb1,1.125,0.46,0.12
191,Ga,31,Lb4,1.191,0.016,0.005
190,Ga,31,Lb3,1.195,0.024,0.007
193,Ga,31,Lg3,1.297,0.0012,0.0004
182,Ga,31,Ka2,9.225,15.2,0.6
181,Ga,31,Ka1,9.252,29.8,1.1
185,Ga,31,Kb3,10.26,1.9,0.07
183,Ga,31,Kb1,10.264,3.7,0.13
186,Ga,31,Kb5,10.35,0.0063,0.0003
184,Ga,31,Kb2,10.366,0.0314,0.0011
210,Ge,32,Ll,1.037,0.052,0.011
209,Ge,32,Ln,1.068,0.031,0.008
202,Ge,32,La1,1.188,0.81,0.16
203,Ge,32,La2,1.188,0.09,0.018
207,Ge,32,Lb6,1.212,0.0033,0.0007
204,Ge,32,Lb1,1.219,0.49,0.12
206,Ge,32,Lb4,1.286,0.016,0.005
205,Ge,32,Lb3,1.294,0.025,0.007
208,Ge,32,Lg3,1.412,0.0042,0.0013
197,Ge,32,Ka2,9.855,16.1,0.6
196,Ge,32,Ka1,9.886,31.3,1.1
200,Ge,32,Kb3,10.975,2.05,0.07
198,Ge,32,Kb1,10.982,3.98,0.14
201,Ge,32,Kb5,11.074,0.0078,0.0004
199,Ge,32,Kb2,11.101,0.097,0.004
225,As,33,Ll,1.12,0.053,0.011
224,As,33,Ln,1.155,0.031,0.008
217,As,33,La1,1.282,0.87,0.17
218,As,33,La2,1.282,0.096,0.019
222,As,33,Lb6,1.315,0.0038,0.0008
219,As,33,Lb1,1.317,0.52,0.13
221,As,33,Lb4,1.38,0.018,0.005
220,As,33,Lb3,1.386,0.027,0.008
223,As,33,Lg3,1.524,0.0047,0.0015
212,As,33,Ka2,10.508,16.8,0.6
211,As,33,Ka1,10.544,32.7,1.2
215,As,33,Kb3,11.72,2.19,0.08
213,As,33,Kb1,11.726,4.25,0.15
216,As,33,Kb5,11.826,0.0095,0.0005
214,As,33,Kb2,11.864,0.194,0.007
240,Se,34,Ll,1.204,0.056,0.012
239,Se,34,Ln,1.245,0.034,0.009
233,Se,34,La2,1.379,0.108,0.022
232,Se,34,La1,1.379,0.98,0.2
234,Se,34,Lb1,1.42,0.58,0.15
237,Se,34,Lb6,1.424,0.0045,0.0009
236,Se,34,Lb4,1.486,0.019,0.006
235,Se,34,Lb3,1.492,0.029,0.009
238,Se,34,Lg3,1.648,0.0051,0.0016
227,Se,34,Ka2,11.182,17.6,0.6
226,Se,34,Ka1,11.222,34.1,1.2
230,Se,34,Kb3,12.49,2.34,0.08
228,Se,34,Kb1,12.496,4.54,0.16
231,Se,34,Kb5,12.601,0.0116,0.0006
229,Se,34,Kb2,12.652,0.323,0.012
256,Br,35,Ll,1.293,0.06,0.013
255,Br,35,Ln,1.339,0.036,0.009
248,Br,35,La2,1.48,0.121,0.024
247,Br,35,La1,1.481,1.09,0.22
252,Br,35,Lb6,1.523,0.0052,0.0011
249,Br,35,Lb1,1.526,0.64,0.16
251,Br,35,Lb4,1.593,0.02,0.006
250,Br,35,Lb3,1.601,0.029,0.009
254,Br,35,Lg3,1.777,0.0052,0.0016
253,Br,35,Lg2,1.777,0.0013,0.0004
242,Br,35,Ka2,11.878,18.4,0.07
241,Br,35,Ka1,11.924,35.6,1.3
245,Br,35,Kb3,13.284,2.5,0.09
243,Br,35,Kb1,13.292,4.84,0.17
246,Br,35,Kb5,13.404,0.0139,0.0007
244,Br,35,Kb2,13.469,0.484,0.018
272,Kr,36,Ll,1.383,0.063,0.014
271,Kr,36,Ln,1.435,0.037,0.009
264,Kr,36,La2,1.58,0.13,0.03
263,Kr,36,La1,1.581,1.2,0.24
265,Kr,36,Lb1,1.632,0.69,0.17
268,Kr,36,Lb6,1.647,0.006,0.0012
267,Kr,36,Lb4,1.699,0.02,0.006
266,Kr,36,Lb3,1.707,0.03,0.009
269,Kr,36,Lg2,1.906,0.0018,0.0006
270,Kr,36,Lg3,1.907,0.0054,0.0017
258,Kr,36,Ka2,12.598,19,0.7
257,Kr,36,Ka1,12.651,36.8,1.3
261,Kr,36,Kb3,14.104,2.64,0.1
259,Kr,36,Kb1,14.111,5.12,0.19
262,Kr,36,Kb5,14.231,0.0162,0.0008
260,Kr,36,Kb2,14.311,0.676,0.024
288,Rb,37,Ll,1.482,0.067,0.014
287,Rb,37,Ln,1.542,0.039,0.01
280,Rb,37,La2,1.693,0.15,0.03
279,Rb,37,La1,1.694,1.3,0.3
281,Rb,37,Lb1,1.752,0.75,0.19
284,Rb,37,Lb6,1.775,0.0069,0.0014
283,Rb,37,Lb4,1.818,0.022,0.007
282,Rb,37,Lb3,1.827,0.031,0.009
285,Rb,37,Lg2,2.05,0.0022,0.0007
286,Rb,37,Lg3,2.051,0.0058,0.0018
274,Rb,37,Ka2,13.336,19.7,0.7
273,Rb,37,Ka1,13.395,38,1.4
277,Rb,37,Kb3,14.952,2.78,0.1
275,Rb,37,Kb1,14.961,5.39,0.19
278,Rb,37,Kb5,15.089,0.0186,0.0009
276,Rb,37,Kb2,15.185,0.85,0.03
304,Sr,38,Ll,1.582,0.069,0.015
303,Sr,38,Ln,1.649,0.04,0.01
296,Sr,38,La2,1.805,0.16,0.03
295,Sr,38,La1,1.806,1.4,0.3
297,Sr,38,Lb1,1.872,0.81,0.2
300,Sr,38,Lb6,1.902,0.0079,0.0016
299,Sr,38,Lb4,1.936,0.022,0.007
298,Sr,38,Lb3,1.947,0.032,0.01
302,Sr,38,Lg3,2.196,0.0061,0.0019
301,Sr,38,Lg2,2.196,0.0027,0.0008
290,Sr,38,Ka2,14.098,20.3,0.7
289,Sr,38,Ka1,14.165,39.1,1.4
293,Sr,38,Kb3,15.825,2.91,0.1
291,Sr,38,Kb1,15.836,5.63,0.2
294,Sr,38,Kb5,15.971,0.0215,0.0011
292,Sr,38,Kb2,16.085,1,0.04
322,Y,39,Ll,1.686,0.073,0.016
321,Y,39,Ln,1.762,0.041,0.01
312,Y,39,La2,1.92,0.17,0.03
311,Y,39,La1,1.923,1.5,0.3
313,Y,39,Lb1,1.996,0.86,0.21
317,Y,39,Lb6,2.035,0.0088,0.0018
316,Y,39,Lb4,2.06,0.025,0.007
315,Y,39,Lb3,2.072,0.035,0.011
314,Y,39,Lb2,2.078,0.0044,0.0009
318,Y,39,Lg1,2.153,0.012,0.003
319,Y,39,Lg2,2.347,0.0031,0.0009
320,Y,39,Lg3,2.347,0.0066,0.002
306,Y,39,Ka2,14.883,20.9,0.8
305,Y,39,Ka1,14.958,40.1,1.4
309,Y,39,Kb3,16.726,3.04,0.11
307,Y,39,Kb1,16.738,5.89,0.21
310,Y,39,Kb5,16.88,0.0244,0.0012
308,Y,39,Kb2,17.013,1.13,0.04
340,Zr,40,Ll,1.792,0.078,0.013
339,Zr,40,Ln,1.876,0.041,0.006
330,Zr,40,La2,2.04,0.19,0.03
329,Zr,40,La1,2.042,1.66,0.25
331,Zr,40,Lb1,2.124,0.9,0.14
335,Zr,40,Lb6,2.171,0.01,0.0015
334,Zr,40,Lb4,2.187,0.026,0.007
333,Zr,40,Lb3,2.201,0.038,0.01
332,Zr,40,Lb2,2.219,0.0116,0.0018
336,Zr,40,Lg1,2.304,0.03,0.005
338,Zr,40,Lg3,2.503,0.0072,0.0019
337,Zr,40,Lg2,2.503,0.0036,0.0009
324,Zr,40,Ka2,15.691,21.4,0.6
323,Zr,40,Ka1,15.775,41,1.2
327,Zr,40,Kb3,17.653,3.17,0.09
325,Zr,40,Kb1,17.667,6.15,0.17
328,Zr,40,Kb5,17.816,0.0275,0.0012
326,Zr,40,Kb2,17.969,1.25,0.04
359,Nb,41,Ll,1.902,0.082,0.014
358,Nb,41,Ln,1.996,0.041,0.006
349,Nb,41,La2,2.163,0.2,0.03
348,Nb,41,La1,2.166,1.8,0.3
350,Nb,41,Lb1,2.257,0.93,0.14
354,Nb,41,Lb6,2.312,0.011,0.0017
353,Nb,41,Lb4,2.319,0.034,0.009
352,Nb,41,Lb3,2.335,0.049,0.012
351,Nb,41,Lb2,2.367,0.056,0.009
355,Nb,41,Lg1,2.462,0.041,0.006
357,Nb,41,Lg3,2.664,0.0095,0.0024
356,Nb,41,Lg2,2.664,0.005,0.0013
342,Nb,41,Ka2,16.521,21.9,0.6
341,Nb,41,Ka1,16.615,41.8,1.2
345,Nb,41,Kb3,18.607,3.28,0.09
343,Nb,41,Kb1,18.623,6.35,0.18
347,Nb,41,Kb5,18.78,0.0305,0.0014
344,Nb,41,Kb2,18.952,1.33,0.04
346,Nb,41,Kb4,18.982,0.001,0.0005
378,Mo,42,Ll,2.016,0.085,0.015
377,Mo,42,Ln,2.12,0.043,0.007
368,Mo,42,La2,2.29,0.21,0.03
367,Mo,42,La1,2.293,1.9,0.3
369,Mo,42,Lb1,2.395,1,0.15
372,Mo,42,Lb4,2.456,0.034,0.009
373,Mo,42,Lb6,2.458,0.0119,0.0018
371,Mo,42,Lb3,2.473,0.048,0.012
370,Mo,42,Lb2,2.518,0.1,0.015
374,Mo,42,Lg1,2.623,0.055,0.008
376,Mo,42,Lg3,2.831,0.0095,0.0024
375,Mo,42,Lg2,2.831,0.0051,0.0013
361,Mo,42,Ka2,17.374,22.4,0.6
360,Mo,42,Ka1,17.479,42.6,1.2
364,Mo,42,Kb3,19.59,3.41,0.1
362,Mo,42,Kb1,19.607,6.61,0.19
366,Mo,42,Kb5,19.771,0.0341,0.0015
363,Mo,42,Kb2,19.965,1.45,0.04
365,Mo,42,Kb4,19.998,0.0015,0.0007
397,Tc,43,Ll,2.133,0.089,0.015
396,Tc,43,Ln,2.249,0.044,0.007
387,Tc,43,La2,2.42,0.23,0.03
386,Tc,43,La1,2.424,2,0.3
388,Tc,43,Lb1,2.537,1.07,0.16
391,Tc,43,Lb4,2.598,0.035,0.009
392,Tc,43,Lb6,2.609,0.0128,0.002
390,Tc,43,Lb3,2.617,0.05,0.013
389,Tc,43,Lb2,2.675,0.15,0.023
393,Tc,43,Lg1,2.791,0.068,0.01
395,Tc,43,Lg3,3.004,0.01,0.003
394,Tc,43,Lg2,3.004,0.0055,0.0014
380,Tc,43,Ka2,18.251,22.8,0.6
379,Tc,43,Ka1,18.367,43.3,1.2
383,Tc,43,Kb3,20.599,3.51,0.1
381,Tc,43,Kb1,20.619,6.8,0.19
385,Tc,43,Kb5,20.789,0.0377,0.0017
382,Tc,43,Kb2,21.005,1.54,0.04
384,Tc,43,Kb4,21.042,0.0023,0.0011
416,Ru,44,Ll,2.253,0.092,0.016
415,Ru,44,Ln,2.382,0.046,0.007
406,Ru,44,La2,2.554,0.24,0.04
405,Ru,44,La1,2.558,2.1,0.3
407,Ru,44,Lb1,2.683,1.14,0.17
410,Ru,44,Lb4,2.741,0.035,0.009
411,Ru,44,Lb6,2.763,0.0139,0.0021
409,Ru,44,Lb3,2.763,0.052,0.013
408,Ru,44,Lb2,2.836,0.2,0.03
412,Ru,44,Lg1,2.965,0.083,0.013
413,Ru,44,Lg2,3.181,0.0059,0.0015
414,Ru,44,Lg3,3.181,0.011,0.003
399,Ru,44,Ka2,19.15,23.2,0.7
398,Ru,44,Ka1,19.279,44,1.2
402,Ru,44,Kb3,21.634,3.61,0.1
400,Ru,44,Kb1,21.657,6.99,0.2
404,Ru,44,Kb5,21.836,0.0418,0.0019
401,Ru,44,Kb2,22.074,1.64,0.05
403,Ru,44,Kb4,22.115,0.0032,0.0016
435,Rh,45,Ll,2.377,0.095,0.016
434,Rh,45,Ln,2.519,0.046,0.007
425,Rh,45,La2,2.692,0.25,0.04
424,Rh,45,La1,2.697,2.3,0.3
426,Rh,45,Lb1,2.834,1.2,0.18
429,Rh,45,Lb4,2.891,0.035,0.009
428,Rh,45,Lb3,2.916,0.053,0.013
430,Rh,45,Lb6,2.923,0.0149,0.0023
427,Rh,45,Lb2,3.001,0.24,0.04
431,Rh,45,Lg1,3.144,0.109,0.017
433,Rh,45,Lg3,3.364,0.011,0.003
432,Rh,45,Lg2,3.364,0.0062,0.0016
418,Rh,45,Ka2,20.074,23.5,0.7
417,Rh,45,Ka1,20.216,44.6,1.3
421,Rh,45,Kb3,22.699,3.71,0.1
419,Rh,45,Kb1,22.724,7.18,0.2
423,Rh,45,Kb5,22.911,0.0446,0.002
420,Rh,45,Kb2,23.172,1.72,0.05
422,Rh,45,Kb4,23.217,0.0043,0.0021
454,Pd,46,Ll,2.503,0.097,0.017
453,Pd,46,Ln,2.66,0.048,0.007
444,Pd,46,La2,2.833,0.26,0.04
443,Pd,46,La1,2.839,2.4,0.4
445,Pd,46,Lb1,2.99,1.28,0.19
448,Pd,46,Lb4,3.045,0.036,0.009
447,Pd,46,Lb3,3.073,0.054,0.014
449,Pd,46,Lb6,3.087,0.0157,0.0024
446,Pd,46,Lb2,3.172,0.28,0.04
450,Pd,46,Lg1,3.329,0.137,0.021
452,Pd,46,Lg3,3.553,0.011,0.003
451,Pd,46,Lg2,3.553,0.0065,0.0017
437,Pd,46,Ka2,21.02,23.9,0.7
436,Pd,46,Ka1,21.177,45.1,1.3
440,Pd,46,Kb3,23.791,3.81,0.11
438,Pd,46,Kb1,23.819,7.35,0.21
442,Pd,46,Kb5,24.013,0.0496,0.0022
439,Pd,46,Kb2,24.299,1.79,0.05
441,Pd,46,Kb4,24.349,0.006,0.003
474,Ag,47,Ll,2.634,0.101,0.017
473,Ag,47,Ln,2.806,0.051,0.008
464,Ag,47,La2,2.978,0.28,0.04
463,Ag,47,La1,2.984,2.5,0.4
465,Ag,47,Lb1,3.151,1.39,0.21
468,Ag,47,Lb4,3.203,0.038,0.01
467,Ag,47,Lb3,3.234,0.059,0.015
469,Ag,47,Lb6,3.256,0.0166,0.0025
466,Ag,47,Lb2,3.348,0.32,0.05
470,Ag,47,Lg1,3.52,0.147,0.023
471,Ag,47,Lg2,3.743,0.0073,0.0019
472,Ag,47,Lg3,3.75,0.012,0.003
457,Ag,47,Ka3,21.708,0.001,4E-05
456,Ag,47,Ka2,21.99,24.2,0.7
455,Ag,47,Ka1,22.163,45.6,1.3
460,Ag,47,Kb3,24.912,3.9,0.11
458,Ag,47,Kb1,24.943,7.52,0.21
462,Ag,47,Kb5,25.144,0.0547,0.0025
459,Ag,47,Kb2,25.455,1.88,0.05
461,Ag,47,Kb4,25.511,0.007,0.003
494,Cd,48,Ll,2.767,0.107,0.018
493,Cd,48,Ln,2.957,0.054,0.008
484,Cd,48,La2,3.127,0.29,0.05
483,Cd,48,La1,3.134,2.6,0.4
485,Cd,48,Lb1,3.317,1.51,0.23
488,Cd,48,Lb4,3.367,0.039,0.01
487,Cd,48,Lb3,3.402,0.062,0.016
489,Cd,48,Lb6,3.43,0.018,0.003
486,Cd,48,Lb2,3.528,0.38,0.06
490,Cd,48,Lg1,3.718,0.161,0.025
492,Cd,48,Lg3,3.951,0.013,0.003
491,Cd,48,Lg2,3.951,0.008,0.002
477,Cd,48,Ka3,22.693,0.00115,4E-05
476,Cd,48,Ka2,22.984,24.5,0.7
475,Cd,48,Ka1,23.174,46.1,1.3
480,Cd,48,Kb3,26.06,3.99,0.11
478,Cd,48,Kb1,26.095,7.69,0.22
482,Cd,48,Kb5,26.304,0.06,0.003
479,Cd,48,Kb2,26.644,1.98,0.06
481,Cd,48,Kb4,26.702,0.008,0.004
515,In,49,Ll,2.905,0.112,0.019
514,In,49,Ln,3.112,0.056,0.009
505,In,49,La2,3.279,0.31,0.05
504,In,49,La1,3.287,2.8,0.4
506,In,49,Lb1,3.487,1.63,0.25
509,In,49,Lb4,3.535,0.041,0.01
508,In,49,Lb3,3.573,0.065,0.016
510,In,49,Lb6,3.608,0.019,0.003
507,In,49,Lb2,3.714,0.43,0.07
511,In,49,Lg1,3.922,0.18,0.03
513,In,49,Lg3,4.16,0.014,0.004
512,In,49,Lg2,4.16,0.0087,0.0022
497,In,49,Ka3,23.702,0.00135,5E-05
496,In,49,Ka2,24.002,24.5,0.7
495,In,49,Ka1,24.21,45.3,1.3
500,In,49,Kb3,27.238,4.07,0.12
498,In,49,Kb1,27.276,7.85,0.22
502,In,49,Kb5,27.493,0.065,0.003
499,In,49,Kb2,27.863,2.09,0.06
501,In,49,Kb4,27.924,0.01,0.005
503,In,49,KO,27.939,0.017,0.0018
536,Sn,50,Ll,3.045,0.114,0.015
535,Sn,50,Ln,3.272,0.059,0.006
526,Sn,50,La2,3.435,0.32,0.03
525,Sn,50,La1,3.444,2.9,0.3
527,Sn,50,Lb1,3.663,1.75,0.18
530,Sn,50,Lb4,3.708,0.071,0.014
529,Sn,50,Lb3,3.75,0.113,0.023
531,Sn,50,Lb6,3.792,0.0205,0.0021
528,Sn,50,Lb2,3.905,0.46,0.05
532,Sn,50,Lg1,4.132,0.206,0.022
534,Sn,50,Lg3,4.376,0.025,0.005
533,Sn,50,Lg2,4.376,0.016,0.003
518,Sn,50,Ka3,24.735,0.00154,5E-05
517,Sn,50,Ka2,25.044,24.7,0.6
516,Sn,50,Ka1,25.271,45.7,1
521,Sn,50,Kb3,28.444,4.15,0.09
519,Sn,50,Kb1,28.486,7.99,0.18
523,Sn,50,Kb5,28.711,0.07,0.003
520,Sn,50,Kb2,29.111,2.19,0.05
522,Sn,50,Kb4,29.176,0.012,0.006
524,Sn,50,KO,29.199,0.049,0.005
557,Sb,51,Ll,3.189,0.122,0.016
556,Sb,51,Ln,3.437,0.06,0.006
547,Sb,51,La2,3.595,0.34,0.04
546,Sb,51,La1,3.605,3,0.3
548,Sb,51,Lb1,3.843,1.84,0.19
551,Sb,51,Lb4,3.886,0.07,0.014
550,Sb,51,Lb3,3.933,0.114,0.023
552,Sb,51,Lb6,3.98,0.0225,0.0023
549,Sb,51,Lb2,4.101,0.52,0.06
553,Sb,51,Lg1,4.349,0.226,0.024
554,Sb,51,Lg2,4.6,0.016,0.003
555,Sb,51,Lg3,4.6,0.025,0.005
539,Sb,51,Ka3,25.793,0.00179,6E-05
538,Sb,51,Ka2,26.111,24.9,0.6
537,Sb,51,Ka1,26.359,46,1
542,Sb,51,Kb3,29.679,4.2,0.09
540,Sb,51,Kb1,29.726,8.09,0.18
544,Sb,51,Kb5,29.959,0.071,0.003
541,Sb,51,Kb2,30.393,2.28,0.05
543,Sb,51,Kb4,30.46,0.013,0.006
545,Sb,51,KO,30.489,0.092,0.01
578,Te,52,Ll,3.335,0.129,0.017
577,Te,52,Ln,3.606,0.063,0.006
568,Te,52,La2,3.759,0.36,0.04
567,Te,52,La1,3.769,3.2,0.3
569,Te,52,Lb1,4.029,1.96,0.2
572,Te,52,Lb4,4.07,0.069,0.014
571,Te,52,Lb3,4.121,0.114,0.023
573,Te,52,Lb6,4.173,0.0245,0.0025
570,Te,52,Lb2,4.302,0.58,0.06
574,Te,52,Lg1,4.572,0.25,0.03
575,Te,52,Lg2,4.829,0.017,0.004
576,Te,52,Lg3,4.829,0.026,0.005
560,Te,52,Ka3,26.875,0.00203,6E-05
559,Te,52,Ka2,27.202,25,0.6
558,Te,52,Ka1,27.472,46.2,1.1
563,Te,52,Kb3,30.944,4.26,0.1
561,Te,52,Kb1,30.995,8.21,0.18
565,Te,52,Kb5,31.236,0.075,0.003
562,Te,52,Kb2,31.704,2.37,0.05
564,Te,52,Kb4,31.774,0.015,0.007
566,Te,52,KO,31.812,0.147,0.015
599,I,53,Ll,3.485,0.136,0.0018
598,I,53,Ln,3.78,0.064,0.007
589,I,53,La2,3.926,0.38,0.04
588,I,53,La1,3.938,3.4,0.4
590,I,53,Lb1,4.221,2.07,0.21
593,I,53,Lb4,4.258,0.07,0.014
592,I,53,Lb3,4.314,0.116,0.023
594,I,53,Lb6,4.371,0.026,0.003
591,I,53,Lb2,4.508,0.64,0.07
595,I,53,Lg1,4.802,0.28,0.03
596,I,53,Lg2,5.065,0.018,0.004
597,I,53,Lg3,5.065,0.027,0.006
581,I,53,Ka3,27.981,0.00227,7E-05
580,I,53,Ka2,28.317,25.2,0.6
579,I,53,Ka1,28.612,46.4,1.1
584,I,53,Kb3,32.239,4.32,0.1
582,I,53,Kb1,32.295,8.34,0.19
586,I,53,Kb5,32.544,0.081,0.003
583,I,53,Kb2,33.047,2.47,0.05
585,I,53,Kb4,33.12,0.017,0.008
587,I,53,KO,33.166,0.212,0.022
620,Xe,54,Ll,3.634,0.145,0.019
619,Xe,54,Ln,3.955,0.065,0.007
610,Xe,54,La2,4.093,0.4,0.04
609,Xe,54,La1,4.106,3.6,0.4
611,Xe,54,Lb1,4.414,2.16,0.22
614,Xe,54,Lb4,4.451,0.069,0.014
613,Xe,54,Lb3,4.512,0.115,0.023
615,Xe,54,Lb6,4.569,0.029,0.003
612,Xe,54,Lb2,4.714,0.71,0.07
616,Xe,54,Lg1,5.034,0.3,0.03
618,Xe,54,Lg3,5.307,0.027,0.006
617,Xe,54,Lg2,5.307,0.018,0.004
602,Xe,54,Ka3,29.112,0.00262,8E-05
601,Xe,54,Ka2,29.461,25.3,0.6
600,Xe,54,Ka1,29.782,46.6,1.1
605,Xe,54,Kb3,33.562,4.36,0.1
603,Xe,54,Kb1,33.624,8.42,0.19
607,Xe,54,Kb5,33.881,0.086,0.004
604,Xe,54,Kb2,34.419,2.55,0.06
606,Xe,54,Kb4,34.496,0.019,0.009
608,Xe,54,KO,34.552,0.29,0.03
641,Cs,55,Ll,3.795,0.155,0.02
640,Cs,55,Ln,4.142,0.068,0.007
631,Cs,55,La2,4.272,0.43,0.04
630,Cs,55,La1,4.286,3.8,0.4
632,Cs,55,Lb1,4.62,2.32,0.24
635,Cs,55,Lb4,4.649,0.069,0.014
634,Cs,55,Lb3,4.717,0.116,0.023
636,Cs,55,Lb6,4.781,0.031,0.003
633,Cs,55,Lb2,4.934,0.77,0.08
637,Cs,55,Lg1,5.281,0.33,0.04
638,Cs,55,Lg2,5.542,0.019,0.004
639,Cs,55,Lg3,5.553,0.028,0.006
623,Cs,55,Ka3,30.27,0.00296,9E-05
622,Cs,55,Ka2,30.625,25.5,0.6
621,Cs,55,Ka1,30.973,46.7,1.1
626,Cs,55,Kb3,34.92,4.42,0.1
624,Cs,55,Kb1,34.987,8.53,0.19
628,Cs,55,Kb5,35.252,0.091,0.004
625,Cs,55,Kb2,35.818,2.64,0.06
627,Cs,55,Kb4,35.907,0.021,0.01
629,Cs,55,KO,35.972,0.35,0.04
662,Ba,56,Ll,3.954,0.163,0.021
661,Ba,56,Ln,4.331,0.07,0.007
652,Ba,56,La2,4.451,0.45,0.05
651,Ba,56,La1,4.466,4.1,0.4
653,Ba,56,Lb1,4.828,2.47,0.25
656,Ba,56,Lb4,4.852,0.07,0.014
655,Ba,56,Lb3,4.927,0.118,0.024
657,Ba,56,Lb6,4.994,0.034,0.004
654,Ba,56,Lb2,5.156,0.84,0.09
658,Ba,56,Lg1,5.531,0.36,0.04
659,Ba,56,Lg2,5.797,0.02,0.004
660,Ba,56,Lg3,5.809,0.028,0.006
644,Ba,56,Ka3,31.452,0.00334,0.00011
643,Ba,56,Ka2,31.817,25.6,0.6
642,Ba,56,Ka1,32.194,46.7,1.1
647,Ba,56,Kb3,36.304,4.47,0.1
645,Ba,56,Kb1,36.378,8.63,0.19
649,Ba,56,Kb5,36.652,0.1,0.004
646,Ba,56,Kb2,37.255,2.73,0.06
648,Ba,56,Kb4,37.349,0.023,0.011
650,Ba,56,KO,37.425,0.4,0.04
685,La,57,Ll,4.121,0.176,0.023
684,La,57,Ln,4.529,0.073,0.007
673,La,57,La2,4.634,0.48,0.05
672,La,57,La1,4.651,4.3,0.5
674,La,57,Lb1,5.042,2.6,0.3
677,La,57,Lb4,5.062,0.071,0.014
676,La,57,Lb3,5.143,0.12,0.024
679,La,57,Lb6,5.212,0.036,0.004
675,La,57,Lb2,5.384,0.91,0.1
678,La,57,Lb5,5.483,0.0091,0.0009
680,La,57,Lg1,5.792,0.39,0.04
683,La,57,Lg6,5.891,0.0042,0.0005
681,La,57,Lg2,6.06,0.02,0.004
682,La,57,Lg3,6.075,0.029,0.006
665,La,57,Ka3,32.658,0.00373,0.00012
664,La,57,Ka2,33.034,25.7,0.6
663,La,57,Ka1,33.442,46.8,1.1
668,La,57,Kb3,37.72,4.51,0.1
666,La,57,Kb1,37.801,8.7,0.19
670,La,57,Kb5,38.085,0.105,0.004
667,La,57,Kb2,38.726,2.81,0.06
669,La,57,Kb4,38.826,0.025,0.012
671,La,57,KO,38.91,0.45,0.05
706,Ce,58,Ll,4.289,0.189,0.024
705,Ce,58,Ln,4.73,0.075,0.008
696,Ce,58,La2,4.822,0.51,0.05
695,Ce,58,La1,4.84,4.6,0.5
697,Ce,58,Lb1,5.263,2.8,0.3
700,Ce,58,Lb4,5.276,0.071,0.014
699,Ce,58,Lb3,5.363,0.12,0.024
701,Ce,58,Lb6,5.434,0.039,0.004
698,Ce,58,Lb2,5.613,0.97,0.1
702,Ce,58,Lg1,6.054,0.43,0.05
703,Ce,58,Lg2,6.326,0.021,0.004
704,Ce,58,Lg3,6.342,0.03,0.006
688,Ce,58,Ka3,33.894,0.00422,0.00013
687,Ce,58,Ka2,34.279,25.9,0.6
686,Ce,58,Ka1,34.72,47,1.1
691,Ce,58,Kb3,39.17,4.57,0.1
689,Ce,58,Kb1,39.258,8.83,0.2
693,Ce,58,Kb5,39.551,0.11,0.005
690,Ce,58,Kb2,40.228,2.84,0.06
692,Ce,58,Kb4,40.333,0.027,0.013
694,Ce,58,KO,40.423,0.42,0.04
727,Pr,59,Ll,4.453,0.2,0.03
726,Pr,59,Ln,4.929,0.078,0.008
717,Pr,59,La2,5.013,0.54,0.06
716,Pr,59,La1,5.033,4.9,0.5
718,Pr,59,Lb1,5.489,3,0.3
721,Pr,59,Lb4,5.497,0.071,0.014
720,Pr,59,Lb3,5.593,0.12,0.024
722,Pr,59,Lb6,5.66,0.042,0.004
719,Pr,59,Lb2,5.851,1.03,0.11
723,Pr,59,Lg1,6.327,0.46,0.05
724,Pr,59,Lg2,6.599,0.021,0.004
725,Pr,59,Lg3,6.617,0.03,0.006
709,Pr,59,Ka3,35.156,0.00472,0.00015
708,Pr,59,Ka2,35.55,26.1,0.6
707,Pr,59,Ka1,36.026,47.1,1.1
712,Pr,59,Kb3,40.653,4.61,0.1
710,Pr,59,Kb1,40.748,8.9,0.2
714,Pr,59,Kb5,41.05,0.116,0.005
711,Pr,59,Kb2,41.764,2.88,0.07
713,Pr,59,Kb4,41.877,0.028,0.014
715,Pr,59,KO,41.968,0.42,0.04
748,Nd,60,Ll,4.633,0.213,0.02
747,Nd,60,Ln,5.146,0.081,0.006
738,Nd,60,La2,5.208,0.57,0.03
737,Nd,60,La1,5.23,5.2,0.3
739,Nd,60,Lb1,5.722,3.12,0.23
742,Nd,60,Lb4,5.723,0.072,0.011
741,Nd,60,Lb3,5.829,0.121,0.018
743,Nd,60,Lb6,5.893,0.0454,0.0025
740,Nd,60,Lb2,6.09,1.1,0.07
744,Nd,60,Lg1,6.604,0.5,0.04
745,Nd,60,Lg2,6.883,0.022,0.004
746,Nd,60,Lg3,6.901,0.031,0.005
730,Nd,60,Ka3,36.443,0.00531,0.00016
729,Nd,60,Ka2,36.847,26.2,0.6
728,Nd,60,Ka1,37.361,47.2,1
733,Nd,60,Kb3,42.166,4.65,0.1
731,Nd,60,Kb1,42.272,8.97,0.19
735,Nd,60,Kb5,42.58,0.121,0.005
732,Nd,60,Kb2,43.335,2.93,0.06
734,Nd,60,Kb4,43.451,0.03,0.015
736,Nd,60,KO,43.548,0.42,0.04
769,Pm,61,Ll,4.809,0.225,0.022
768,Pm,61,Ln,5.363,0.083,0.006
759,Pm,61,La2,5.408,0.6,0.03
758,Pm,61,La1,5.432,5.4,0.3
763,Pm,61,Lb4,5.956,0.071,0.011
760,Pm,61,Lb1,5.961,3.31,0.24
762,Pm,61,Lb3,6.071,0.119,0.018
764,Pm,61,Lb6,6.128,0.049,0.003
761,Pm,61,Lb2,6.339,1.15,0.07
765,Pm,61,Lg1,6.892,0.54,0.04
767,Pm,61,Lg3,7.186,0.031,0.005
766,Pm,61,Lg2,7.186,0.022,0.004
751,Pm,61,Ka3,37.756,0.0058,0.00018
750,Pm,61,Ka2,38.171,26.3,0.6
749,Pm,61,Ka1,38.725,47.3,1
754,Pm,61,Kb3,43.713,4.69,0.1
752,Pm,61,Kb1,43.827,9.08,0.19
756,Pm,61,Kb5,44.145,0.13,0.006
753,Pm,61,Kb2,44.942,2.98,0.06
755,Pm,61,Kb4,45.064,0.032,0.016
757,Pm,61,KO,45.162,0.42,0.04
790,Sm,62,Ll,4.993,0.237,0.023
789,Sm,62,Ln,5.589,0.086,0.006
780,Sm,62,La2,5.61,0.63,0.04
779,Sm,62,La1,5.636,5.7,0.3
784,Sm,62,Lb4,6.196,0.073,0.011
781,Sm,62,Lb1,6.206,3.5,0.3
783,Sm,62,Lb3,6.317,0.122,0.018
785,Sm,62,Lb6,6.37,0.053,0.003
782,Sm,62,Lb2,6.587,1.21,0.07
786,Sm,62,Lg1,7.183,0.58,0.04
787,Sm,62,Lg2,7.471,0.023,0.004
788,Sm,62,Lg3,7.489,0.032,0.005
772,Sm,62,Ka3,39.097,0.00678,0.00021
771,Sm,62,Ka2,39.522,26.4,0.6
770,Sm,62,Ka1,40.118,47.5,1
775,Sm,62,Kb3,45.293,4.73,0.1
773,Sm,62,Kb1,45.414,9.15,0.19
777,Sm,62,Kb5,45.741,0.136,0.006
774,Sm,62,Kb2,46.578,3.02,0.06
776,Sm,62,Kb4,46.705,0.034,0.017
778,Sm,62,KO,46.813,0.42,0.04
811,Eu,63,Ll,5.177,0.252,0.024
801,Eu,63,La2,5.816,0.67,0.04
810,Eu,63,Ln,5.817,0.089,0.007
800,Eu,63,La1,5.846,6,0.3
805,Eu,63,Lb4,6.438,0.075,0.011
802,Eu,63,Lb1,6.457,3.7,0.3
804,Eu,63,Lb3,6.571,0.125,0.019
806,Eu,63,Lb6,6.617,0.058,0.003
803,Eu,63,Lb2,6.844,1.27,0.08
807,Eu,63,Lg1,7.484,0.62,0.05
808,Eu,63,Lg2,7.768,0.023,0.004
809,Eu,63,Lg3,7.795,0.033,0.005
793,Eu,63,Ka3,40.467,0.00727,0.00022
792,Eu,63,Ka2,40.902,26.6,0.6
791,Eu,63,Ka1,41.542,47.6,1
796,Eu,63,Kb3,46.905,4.76,0.1
794,Eu,63,Kb1,47.038,9.21,0.19
798,Eu,63,Kb5,47.373,0.141,0.006
795,Eu,63,Kb2,48.249,3.05,0.06
797,Eu,63,Kb4,48.386,0.036,0.018
799,Eu,63,KO,48.497,0.42,0.04
834,Gd,64,Ll,5.362,0.266,0.025
822,Gd,64,La2,6.026,0.7,0.04
833,Gd,64,Ln,6.049,0.092,0.007
821,Gd,64,La1,6.058,6.3,0.4
826,Gd,64,Lb4,6.687,0.077,0.012
823,Gd,64,Lb1,6.713,3.9,0.3
825,Gd,64,Lb3,6.832,0.126,0.019
828,Gd,64,Lb6,6.867,0.063,0.004
824,Gd,64,Lb2,7.102,1.32,0.08
827,Gd,64,Lb5,7.243,0.0108,0.0006
829,Gd,64,Lg1,7.79,0.67,0.05
832,Gd,64,Lg6,7.93,0.0055,0.0006
830,Gd,64,Lg2,8.087,0.024,0.004
831,Gd,64,Lg3,8.105,0.034,0.006
814,Gd,64,Ka3,41.864,0.00824,0.00025
813,Gd,64,Ka2,42.309,26.6,0.6
812,Gd,64,Ka1,42.996,47.5,1
817,Gd,64,Kb3,48.551,4.81,0.1
815,Gd,64,Kb1,48.695,9.3,0.19
819,Gd,64,Kb5,49.038,0.146,0.006
816,Gd,64,Kb2,49.959,3.11,0.06
818,Gd,64,Kb4,50.099,0.038,0.019
820,Gd,64,KO,50.219,0.45,0.05
855,Tb,65,Ll,5.546,0.28,0.03
845,Tb,65,La2,6.239,0.74,0.04
844,Tb,65,La1,6.273,6.7,0.4
854,Tb,65,Ln,6.284,0.095,0.007
849,Tb,65,Lb4,6.94,0.078,0.012
846,Tb,65,Lb1,6.977,4.1,0.3
848,Tb,65,Lb3,7.097,0.127,0.019
850,Tb,65,Lb6,7.116,0.068,0.004
847,Tb,65,Lb2,7.367,1.38,0.08
851,Tb,65,Lg1,8.105,0.71,0.05
852,Tb,65,Lg2,8.398,0.025,0.004
853,Tb,65,Lg3,8.423,0.035,0.006
837,Tb,65,Ka3,43.288,0.0092,0.0003
836,Tb,65,Ka2,43.744,26.7,0.6
835,Tb,65,Ka1,44.482,47.5,1
840,Tb,65,Kb3,50.228,4.88,0.1
838,Tb,65,Kb1,50.384,9.44,0.19
842,Tb,65,Kb5,50.738,0.156,0.006
839,Tb,65,Kb2,51.698,3.15,0.07
841,Tb,65,Kb4,51.849,0.04,0.02
843,Tb,65,KO,51.97,0.42,0.04
876,Dy,66,Ll,5.743,0.3,0.03
866,Dy,66,La2,6.458,0.78,0.04
865,Dy,66,La1,6.495,7.1,0.4
875,Dy,66,Ln,6.534,0.099,0.007
870,Dy,66,Lb4,7.204,0.081,0.012
867,Dy,66,Lb1,7.248,4.4,0.3
869,Dy,66,Lb3,7.37,0.131,0.02
871,Dy,66,Lb6,7.374,0.074,0.004
868,Dy,66,Lb2,7.636,1.45,0.09
872,Dy,66,Lg1,8.426,0.76,0.06
873,Dy,66,Lg2,8.714,0.025,0.004
874,Dy,66,Lg3,8.753,0.037,0.006
858,Dy,66,Ka3,44.743,0.0102,0.0003
857,Dy,66,Ka2,45.208,26.8,0.6
856,Dy,66,Ka1,45.998,47.5,1
861,Dy,66,Kb3,51.947,4.95,0.1
859,Dy,66,Kb1,52.113,9.58,0.2
863,Dy,66,Kb5,52.475,0.166,0.007
860,Dy,66,Kb2,53.476,3.2,0.07
862,Dy,66,Kb4,53.634,0.042,0.021
864,Dy,66,KO,53.762,0.42,0.04
897,Ho,67,Ll,5.943,0.32,0.03
887,Ho,67,La2,6.68,0.82,0.05
886,Ho,67,La1,6.72,7.4,0.4
896,Ho,67,Ln,6.789,0.103,0.008
891,Ho,67,Lb4,7.471,0.083,0.012
888,Ho,67,Lb1,7.526,4.7,0.3
892,Ho,67,Lb6,7.635,0.079,0.004
890,Ho,67,Lb3,7.653,0.132,0.02
889,Ho,67,Lb2,7.91,1.49,0.09
893,Ho,67,Lg1,8.757,0.82,0.06
894,Ho,67,Lg2,9.051,0.026,0.004
895,Ho,67,Lg3,9.088,0.038,0.006
879,Ho,67,Ka3,46.224,0.0111,0.0003
878,Ho,67,Ka2,46.7,26.9,0.6
877,Ho,67,Ka1,47.547,47.5,1
882,Ho,67,Kb3,53.695,5,0.1
880,Ho,67,Kb1,53.877,9.68,0.2
884,Ho,67,Kb5,54.246,0.176,0.007
881,Ho,67,Kb2,55.293,3.24,0.07
883,Ho,67,Kb4,55.457,0.045,0.022
885,Ho,67,KO,55.597,0.42,0.04
918,Er,68,Ll,6.151,0.34,0.03
908,Er,68,La2,6.905,0.86,0.05
907,Er,68,La1,6.949,7.7,0.4
917,Er,68,Ln,7.058,0.106,0.008
912,Er,68,Lb4,7.746,0.085,0.013
909,Er,68,Lb1,7.811,4.9,0.4
913,Er,68,Lb6,7.909,0.087,0.005
911,Er,68,Lb3,7.94,0.133,0.02
910,Er,68,Lb2,8.186,1.55,0.09
914,Er,68,Lg1,9.088,0.88,0.07
915,Er,68,Lg2,9.385,0.026,0.004
916,Er,68,Lg3,9.431,0.039,0.006
900,Er,68,Ka3,47.734,0.0126,0.0004
899,Er,68,Ka2,48.221,27,0.6
898,Er,68,Ka1,49.128,47.5,1
903,Er,68,Kb3,55.48,5.06,0.1
901,Er,68,Kb1,55.674,9.77,0.2
905,Er,68,Kb5,56.054,0.186,0.008
902,Er,68,Kb2,57.142,3.28,0.07
904,Er,68,Kb4,57.313,0.047,0.023
906,Er,68,KO,57.456,0.42,0.04
939,Tm,69,Ll,6.341,0.36,0.03
929,Tm,69,La2,7.133,0.9,0.05
928,Tm,69,La1,7.18,8.1,0.5
938,Tm,69,Ln,7.31,0.11,0.009
933,Tm,69,Lb4,8.026,0.088,0.013
930,Tm,69,Lb1,8.102,5.2,0.4
934,Tm,69,Lb6,8.176,0.092,0.005
932,Tm,69,Lb3,8.231,0.137,0.021
931,Tm,69,Lb2,8.468,1.59,0.1
935,Tm,69,Lg1,9.437,0.93,0.07
936,Tm,69,Lg2,9.73,0.028,0.005
937,Tm,69,Lg3,9.779,0.04,0.007
921,Tm,69,Ka3,49.274,0.0135,0.0004
920,Tm,69,Ka2,49.773,27.2,0.6
919,Tm,69,Ka1,50.742,47.4,1
924,Tm,69,Kb3,57.3,5.11,0.1
922,Tm,69,Kb1,57.505,9.86,0.2
926,Tm,69,Kb5,57.898,0.195,0.008
923,Tm,69,Kb2,59.028,3.32,0.07
925,Tm,69,Kb4,59.21,0.049,0.024
927,Tm,69,KO,59.357,0.42,0.04
960,Yb,70,Ll,6.545,0.37,0.03
950,Yb,70,La2,7.367,0.93,0.04
949,Yb,70,La1,7.416,8.3,0.4
959,Yb,70,Ln,7.58,0.114,0.006
954,Yb,70,Lb4,8.313,0.091,0.014
951,Yb,70,Lb1,8.402,5.4,0.3
955,Yb,70,Lb6,8.456,0.098,0.005
953,Yb,70,Lb3,8.537,0.139,0.021
952,Yb,70,Lb2,8.752,1.62,0.08
956,Yb,70,Lg1,9.78,0.99,0.06
957,Yb,70,Lg2,10.09,0.029,0.005
958,Yb,70,Lg3,10.143,0.041,0.007
942,Yb,70,Ka3,50.846,0.0145,0.0004
941,Yb,70,Ka2,51.354,27.2,0.6
940,Yb,70,Ka1,52.389,47.4,1
945,Yb,70,Kb3,59.159,5.18,0.1
943,Yb,70,Kb1,59.383,9.99,0.2
947,Yb,70,Kb5,59.78,0.204,0.008
944,Yb,70,Kb2,60.962,3.38,0.07
946,Yb,70,Kb4,61.141,0.051,0.025
948,Yb,70,KO,61.309,0.41,0.04
983,Lu,71,Ll,6.753,0.39,0.04
971,Lu,71,La2,7.605,0.97,0.05
970,Lu,71,La1,7.656,8.6,0.4
982,Lu,71,Ln,7.857,0.119,0.006
975,Lu,71,Lb4,8.607,0.096,0.015
972,Lu,71,Lb1,8.709,5.7,0.3
977,Lu,71,Lb6,8.738,0.103,0.005
974,Lu,71,Lb3,8.847,0.144,0.022
973,Lu,71,Lb2,9.044,1.75,0.09
976,Lu,71,Lb5,9.24,0.0103,0.0005
978,Lu,71,Lg1,10.144,1.04,0.06
981,Lu,71,Lg6,10.344,0.0063,0.0006
979,Lu,71,Lg2,10.46,0.03,0.005
980,Lu,71,Lg3,10.511,0.044,0.007
963,Lu,71,Ka3,52.443,0.0159,0.0005
962,Lu,71,Ka2,52.965,27.3,0.6
961,Lu,71,Ka1,54.07,47.3,1
966,Lu,71,Kb3,61.05,5.21,0.1
964,Lu,71,Kb1,61.29,10.1,0.2
968,Lu,71,Kb5,61.7,0.213,0.009
965,Lu,71,Kb2,62.929,3.42,0.07
967,Lu,71,Kb4,63.114,0.05,0.03
969,Lu,71,KO,63.286,0.44,0.05
1006,Hf,72,Ll,6.96,0.41,0.04
994,Hf,72,La2,7.844,1,0.05
993,Hf,72,La1,7.899,8.9,0.4
1005,Hf,72,Ln,8.139,0.124,0.007
998,Hf,72,Lb4,8.905,0.1,0.015
1000,Hf,72,Lb6,9.023,0.108,0.005
995,Hf,72,Lb1,9.023,6,0.3
997,Hf,72,Lb3,9.163,0.147,0.022
996,Hf,72,Lb2,9.342,1.9,0.1
999,Hf,72,Lb5,9.554,0.0268,0.0012
1001,Hf,72,Lg1,10.516,1.1,0.06
1004,Hf,72,Lg6,10.733,0.0167,0.0016
1002,Hf,72,Lg2,10.834,0.031,0.005
1003,Hf,72,Lg3,10.89,0.045,0.007
986,Hf,72,Ka3,54.08,0.0173,0.0005
985,Hf,72,Ka2,54.611,27.3,0.6
984,Hf,72,Ka1,55.79,47.1,1
989,Hf,72,Kb3,62.985,5.28,0.011
987,Hf,72,Kb1,63.243,10.2,0.21
991,Hf,72,Kb5,63.662,0.222,0.009
988,Hf,72,Kb2,64.942,3.48,0.07
990,Hf,72,Kb4,65.132,0.06,0.03
992,Hf,72,KO,65.316,0.46,0.05
1029,Ta,73,Ll,7.173,0.43,0.04
1017,Ta,73,La2,8.088,1.04,0.05
1016,Ta,73,La1,8.146,9.3,0.4
1028,Ta,73,Ln,8.428,0.13,0.007
1021,Ta,73,Lb4,9.213,0.104,0.016
1023,Ta,73,Lb6,9.316,0.114,0.005
1018,Ta,73,Lb1,9.343,6.2,0.3
1020,Ta,73,Lb3,9.488,0.151,0.023
1019,Ta,73,Lb2,9.646,2.05,0.1
1022,Ta,73,Lb5,9.875,0.0372,0.0017
1024,Ta,73,Lg1,10.895,1.16,0.07
1027,Ta,73,Lg6,11.13,0.03,0.003
1025,Ta,73,Lg2,11.217,0.033,0.005
1026,Ta,73,Lg3,11.277,0.047,0.008
1009,Ta,73,Ka3,55.735,0.0192,0.0006
1008,Ta,73,Ka2,56.28,27.3,0.6
1007,Ta,73,Ka1,57.535,47.2,1
1012,Ta,73,Kb3,64.948,5.32,0.11
1010,Ta,73,Kb1,65.222,10.3,0.21
1014,Ta,73,Kb5,65.652,0.232,0.009
1011,Ta,73,Kb2,66.982,3.53,0.07
1013,Ta,73,Kb4,67.181,0.06,0.03
1015,Ta,73,KO,67.376,0.49,0.05
1052,W,74,Ll,7.387,0.46,0.04
1040,W,74,La2,8.335,1.08,0.05
1039,W,74,La1,8.398,9.7,0.4
1051,W,74,Ln,8.724,0.136,0.007
1044,W,74,Lb4,9.525,0.112,0.017
1046,W,74,Lb6,9.612,0.121,0.006
1041,W,74,Lb1,9.672,6.5,0.4
1043,W,74,Lb3,9.819,0.159,0.024
1042,W,74,Lb2,9.955,2.19,0.11
1045,W,74,Lb5,10.201,0.0483,0.0022
1047,W,74,Lg1,11.285,1.22,0.07
1050,W,74,Lg6,11.538,0.047,0.004
1048,W,74,Lg2,11.608,0.035,0.006
1049,W,74,Lg3,11.675,0.05,0.008
1032,W,74,Ka3,57.425,0.0206,0.0006
1031,W,74,Ka2,57.981,27.4,0.6
1030,W,74,Ka1,59.318,47,1
1035,W,74,Kb3,66.95,5.35,0.11
1033,W,74,Kb1,67.244,10.3,0.21
1037,W,74,Kb5,67.685,0.241,0.01
1034,W,74,Kb2,69.067,3.58,0.07
1036,W,74,Kb4,69.273,0.06,0.03
1038,W,74,KO,69.484,0.51,0.05
1075,Re,75,Ll,7.604,0.49,0.04
1063,Re,75,La2,8.586,1.13,0.05
1062,Re,75,La1,8.652,10.1,0.5
1074,Re,75,Ln,9.027,0.142,0.008
1067,Re,75,Lb4,9.845,0.109,0.016
1069,Re,75,Lb6,9.91,0.132,0.006
1064,Re,75,Lb1,10.01,6.7,0.4
1066,Re,75,Lb3,10.159,0.152,0.023
1065,Re,75,Lb2,10.268,2.31,0.12
1068,Re,75,Lb5,10.532,0.091,0.004
1070,Re,75,Lg1,11.685,1.29,0.08
1073,Re,75,Lg6,11.955,0.081,0.008
1071,Re,75,Lg2,12.009,0.034,0.006
1072,Re,75,Lg3,12.082,0.049,0.008
1055,Re,75,Ka3,59.15,0.0224,0.0007
1054,Re,75,Ka2,59.718,27.4,0.6
1053,Re,75,Ka1,61.141,46.9,1
1058,Re,75,Kb3,68.995,5.42,0.11
1056,Re,75,Kb1,69.309,10.4,0.21
1060,Re,75,Kb5,69.76,0.25,0.01
1057,Re,75,Kb2,71.195,3.63,0.07
1059,Re,75,Kb4,71.409,0.07,0.03
1061,Re,75,KO,71.636,0.54,0.06
1098,Os,76,Ll,7.822,0.52,0.05
1086,Os,76,La2,8.84,1.17,0.05
1085,Os,76,La1,8.911,10.4,0.5
1097,Os,76,Ln,9.337,0.148,0.008
1090,Os,76,Lb4,10.176,0.096,0.015
1092,Os,76,Lb6,10.217,0.143,0.007
1087,Os,76,Lb1,10.354,7,0.4
1089,Os,76,Lb3,10.511,0.131,0.02
1088,Os,76,Lb2,10.59,2.44,0.13
1091,Os,76,Lb5,10.871,0.138,0.006
1093,Os,76,Lg1,12.096,1.35,0.08
1096,Os,76,Lg6,12.385,0.112,0.011
1094,Os,76,Lg2,12.421,0.03,0.005
1095,Os,76,Lg3,12.5,0.043,0.007
1078,Os,76,Ka3,60.903,0.0242,0.0007
1077,Os,76,Ka2,61.486,27.4,0.6
1076,Os,76,Ka1,63,46.7,1
1081,Os,76,Kb3,71.079,5.48,0.11
1079,Os,76,Kb1,71.414,10.6,0.21
1083,Os,76,Kb5,71.875,0.259,0.01
1080,Os,76,Kb2,73.363,3.71,0.08
1082,Os,76,Kb4,73.59,0.07,0.03
1084,Os,76,KO,73.819,0.56,0.06
1121,Ir,77,Ll,8.042,0.55,0.05
1109,Ir,77,La2,9.099,1.22,0.06
1108,Ir,77,La1,9.175,10.9,0.5
1120,Ir,77,Ln,9.65,0.155,0.008
1113,Ir,77,Lb4,10.51,0.088,0.013
1115,Ir,77,Lb6,10.525,0.152,0.007
1110,Ir,77,Lb1,10.708,7.2,0.4
1112,Ir,77,Lb3,10.868,0.118,0.018
1111,Ir,77,Lb2,10.912,2.57,0.013
1114,Ir,77,Lb5,11.211,0.179,0.008
1116,Ir,77,Lg1,12.513,1.41,0.08
1119,Ir,77,Lg6,12.82,0.145,0.014
1117,Ir,77,Lg2,12.841,0.028,0.005
1118,Ir,77,Lg3,12.924,0.039,0.006
1101,Ir,77,Ka3,62.693,0.0261,0.0008
1100,Ir,77,Ka2,63.287,27.4,0.6
1099,Ir,77,Ka1,64.896,46.7,1
1104,Ir,77,Kb3,73.202,5.52,0.11
1102,Ir,77,Kb1,73.56,10.6,0.22
1106,Ir,77,Kb5,74.033,0.268,0.011
1103,Ir,77,Kb2,75.575,3.75,0.08
1105,Ir,77,Kb4,75.808,0.07,0.03
1107,Ir,77,KO,76.054,0.57,0.06
1144,Pt,78,Ll,8.266,0.58,0.05
1132,Pt,78,La2,9.362,1.26,0.06
1131,Pt,78,La1,9.443,11.2,0.5
1143,Pt,78,Ln,9.975,0.163,0.009
1138,Pt,78,Lb6,10.84,0.16,0.007
1136,Pt,78,Lb4,10.854,0.083,0.013
1133,Pt,78,Lb1,11.071,7.5,0.4
1135,Pt,78,Lb3,11.235,0.109,0.016
1134,Pt,78,Lb2,11.242,2.69,0.14
1137,Pt,78,Lb5,11.562,0.222,0.01
1139,Pt,78,Lg1,12.942,1.47,0.09
1142,Pt,78,Lg6,13.27,0.18,0.017
1140,Pt,78,Lg2,13.273,0.027,0.004
1141,Pt,78,Lg3,13.361,0.037,0.006
1124,Pt,78,Ka3,64.514,0.0298,0.0009
1123,Pt,78,Ka2,65.122,27.4,0.6
1122,Pt,78,Ka1,66.831,46.5,1
1127,Pt,78,Kb3,75.368,5.56,0.11
1125,Pt,78,Kb1,75.749,10.7,0.22
1129,Pt,78,Kb5,76.233,0.276,0.011
1126,Pt,78,Kb2,77.831,3.81,0.08
1128,Pt,78,Kb4,78.073,0.08,0.04
1130,Pt,78,KO,78.337,0.6,0.06
1167,Au,79,Ll,8.494,0.61,0.06
1155,Au,79,La2,9.628,1.3,0.06
1154,Au,79,La1,9.713,11.6,0.5
1166,Au,79,Ln,10.309,0.172,0.009
1161,Au,79,Lb6,11.16,0.17,0.008
1159,Au,79,Lb4,11.205,0.078,0.012
1156,Au,79,Lb1,11.443,7.8,0.4
1157,Au,79,Lb2,11.576,2.82,0.14
1158,Au,79,Lb3,11.61,0.099,0.015
1160,Au,79,Lb5,11.916,0.268,0.012
1162,Au,79,Lg1,13.382,1.56,0.09
1163,Au,79,Lg2,13.709,0.025,0.004
1165,Au,79,Lg6,13.731,0.209,0.02
1164,Au,79,Lg3,13.807,0.034,0.006
1147,Au,79,Ka3,66.372,0.0326,0.001
1146,Au,79,Ka2,66.991,27.5,0.6
1145,Au,79,Ka1,68.806,46.4,1
1150,Au,79,Kb3,77.577,5.57,0.11
1148,Au,79,Kb1,77.982,10.7,0.22
1152,Au,79,Kb5,78.476,0.285,0.011
1149,Au,79,Kb2,80.13,3.84,0.08
1151,Au,79,Kb4,80.382,0.08,0.04
1153,Au,79,KO,80.66,0.62,0.06
1190,Hg,80,Ll,8.722,0.65,0.06
1178,Hg,80,La2,9.899,1.35,0.05
1177,Hg,80,La1,9.989,12,0.5
1189,Hg,80,Ln,10.647,0.18,0.01
1184,Hg,80,Lb6,11.481,0.18,0.007
1182,Hg,80,Lb4,11.561,0.077,0.012
1179,Hg,80,Lb1,11.824,8,0.4
1180,Hg,80,Lb2,11.915,2.94,0.13
1181,Hg,80,Lb3,11.992,0.097,0.015
1183,Hg,80,Lb5,12.275,0.315,0.012
1185,Hg,80,Lg1,13.83,1.63,0.1
1186,Hg,80,Lg2,14.158,0.025,0.004
1188,Hg,80,Lg6,14.199,0.248,0.023
1187,Hg,80,Lg3,14.262,0.034,0.006
1170,Hg,80,Ka3,68.263,0.0358,0.0011
1169,Hg,80,Ka2,68.894,27.5,0.6
1168,Hg,80,Ka1,70.818,46.3,0.9
1173,Hg,80,Kb3,79.824,5.59,0.11
1171,Hg,80,Kb1,80.255,10.7,0.22
1175,Hg,80,Kb5,80.762,0.294,0.012
1172,Hg,80,Kb2,82.473,3.87,0.08
1174,Hg,80,Kb4,82.733,0.08,0.04
1176,Hg,80,KO,83.028,0.64,0.07
1214,Tl,81,Ll,8.953,0.68,0.06
1202,Tl,81,La2,10.172,1.39,0.05
1201,Tl,81,La1,10.268,12.4,0.5
1213,Tl,81,Ln,10.994,0.188,0.01
1208,Tl,81,Lb6,11.812,0.19,0.007
1206,Tl,81,Lb4,11.931,0.077,0.012
1203,Tl,81,Lb1,12.213,8.3,0.4
1204,Tl,81,Lb2,12.261,3.06,0.13
1205,Tl,81,Lb3,12.39,0.094,0.014
1207,Tl,81,Lb5,12.643,0.362,0.013
1209,Tl,81,Lg1,14.291,1.71,0.1
1210,Tl,81,Lg2,14.625,0.026,0.004
1212,Tl,81,Lg6,14.683,0.28,0.03
1211,Tl,81,Lg3,14.738,0.033,0.005
1193,Tl,81,Ka3,70.184,0.0395,0.0012
1192,Tl,81,Ka2,70.832,27.6,0.6
1191,Tl,81,Ka1,72.873,46.3,0.9
1196,Tl,81,Kb3,82.115,5.59,0.11
1194,Tl,81,Kb1,82.574,10.7,0.22
1198,Tl,81,Kb5,83.093,0.303,0.012
1195,Tl,81,Kb2,84.865,3.9,0.08
1197,Tl,81,Kb4,85.134,0.09,0.04
1199,Tl,81,KO,85.444,0.67,0.07
1200,Tl,81,KP,85.53,0.0059,0.0006
1238,Pb,82,Ll,9.184,0.72,0.06
1226,Pb,82,La2,10.45,1.44,0.05
1225,Pb,82,La1,10.551,12.8,0.5
1237,Pb,82,Ln,11.349,0.196,0.011
1232,Pb,82,Lb6,12.142,0.2,0.008
1230,Pb,82,Lb4,12.307,0.08,0.012
1228,Pb,82,Lb2,12.611,3.18,0.14
1227,Pb,82,Lb1,12.614,8.5,0.5
1229,Pb,82,Lb3,12.794,0.095,0.014
1231,Pb,82,Lb5,13.015,0.411,0.015
1233,Pb,82,Lg1,14.765,1.78,0.1
1234,Pb,82,Lg2,15.097,0.027,0.004
1236,Pb,82,Lg6,15.178,0.31,0.03
1235,Pb,82,Lg3,15.216,0.034,0.006
1217,Pb,82,Ka3,72.144,0.0428,0.0013
1216,Pb,82,Ka2,72.805,27.7,0.6
1215,Pb,82,Ka1,74.969,46.2,0.9
1220,Pb,82,Kb3,84.45,5.58,0.11
1218,Pb,82,Kb1,84.938,10.7,0.22
1222,Pb,82,Kb5,85.47,0.312,0.012
1219,Pb,82,Kb2,87.3,3.91,0.08
1221,Pb,82,Kb4,87.58,0.09,0.04
1223,Pb,82,KO,87.911,0.7,0.07
1224,Pb,82,KP,88.003,0.0165,0.0017
1262,Bi,83,Ll,9.42,0.75,0.07
1250,Bi,83,La2,10.731,1.48,0.06
1249,Bi,83,La1,10.839,13.2,0.05
1261,Bi,83,Ln,11.712,0.207,0.011
1256,Bi,83,Lb6,12.48,0.21,0.008
1254,Bi,83,Lb4,12.691,0.083,0.013
1252,Bi,83,Lb2,12.967,3.28,0.14
1251,Bi,83,Lb1,13.024,8.8,0.5
1253,Bi,83,Lb3,13.211,0.096,0.015
1255,Bi,83,Lb5,13.393,0.458,0.017
1257,Bi,83,Lg1,15.248,1.87,0.011
1258,Bi,83,Lg2,15.582,0.029,0.005
1260,Bi,83,Lg6,15.685,0.34,0.03
1259,Bi,83,Lg3,15.709,0.035,0.006
1241,Bi,83,Ka3,74.138,0.0474,0.0014
1240,Bi,83,Ka2,74.815,27.7,0.6
1239,Bi,83,Ka1,77.107,46.2,0.9
1244,Bi,83,Kb3,86.83,5.59,0.11
1242,Bi,83,Kb1,87.349,10.7,0.21
1246,Bi,83,Kb5,87.892,0.321,0.013
1243,Bi,83,Kb2,89.784,3.93,0.08
1245,Bi,83,Kb4,90.074,0.09,0.04
1247,Bi,83,KO,90.421,0.73,0.08
1248,Bi,83,KP,90.522,0.031,0.003
1286,Po,84,Ll,9.658,0.79,0.07
1274,Po,84,La2,11.016,1.52,0.06
1273,Po,84,La1,11.13,13.6,0.5
1285,Po,84,Ln,12.085,0.218,0.012
1280,Po,84,Lb6,12.823,0.22,0.008
1278,Po,84,Lb4,13.084,0.095,0.014
1276,Po,84,Lb2,13.328,3.4,0.15
1275,Po,84,Lb1,13.443,9.1,0.5
1277,Po,84,Lb3,13.635,0.107,0.016
1279,Po,84,Lb5,13.778,0.506,0.019
1281,Po,84,Lg1,15.742,1.95,0.11
1282,Po,84,Lg2,16.077,0.033,0.005
1284,Po,84,Lg6,16.203,0.38,0.04
1283,Po,84,Lg3,16.213,0.04,0.006
1265,Po,84,Ka3,76.172,0.196,0.006
1264,Po,84,Ka2,76.863,27.7,0.6
1263,Po,84,Ka1,79.29,46.1,0.9
1268,Po,84,Kb3,89.256,5.57,0.11
1266,Po,84,Kb1,89.807,10.7,0.21
1270,Po,84,Kb5,90.363,0.33,0.013
1267,Po,84,Kb2,92.317,3.95,0.08
1269,Po,84,Kb4,92.618,0.09,0.04
1271,Po,84,KO,92.983,0.76,0.08
1272,Po,84,KP,93.095,0.049,0.005
1310,At,85,Ll,9.897,0.82,0.07
1298,At,85,La2,11.306,1.56,0.06
1297,At,85,La1,11.426,13.9,0.5
1309,At,85,Ln,12.466,0.228,0.012
1304,At,85,Lb6,13.169,0.23,0.009
1302,At,85,Lb4,13.488,0.092,0.014
1300,At,85,Lb2,13.694,3.52,0.15
1299,At,85,Lb1,13.875,9.4,0.5
1301,At,85,Lb3,14.073,0.101,0.015
1303,At,85,Lb5,14.168,0.556,0.021
1305,At,85,Lg1,16.249,2.05,0.12
1306,At,85,Lg2,16.585,0.033,0.005
1307,At,85,Lg3,16.731,0.038,0.006
1308,At,85,Lg6,16.735,0.41,0.04
1289,At,85,Ka3,78.242,0.0571,0.0017
1288,At,85,Ka2,78.948,27.9,0.6
1287,At,85,Ka1,81.517,46.1,0.9
1292,At,85,Kb3,91.73,5.58,0.11
1290,At,85,Kb1,92.315,10.7,0.21
1294,At,85,Kb5,92.883,0.339,0.014
1291,At,85,Kb2,94.9,3.97,0.08
1293,At,85,Kb4,95.211,0.1,0.05
1295,At,85,KO,95.595,0.78,0.08
1296,At,85,KP,95.717,0.07,0.007
1334,Rn,86,Ll,10.137,0.86,0.07
1322,Rn,86,La2,11.598,1.59,0.06
1321,Rn,86,La1,11.726,14.2,0.5
1333,Rn,86,Ln,12.855,0.238,0.013
1328,Rn,86,Lb6,13.52,0.239,0.009
1326,Rn,86,Lb4,13.898,0.099,0.015
1324,Rn,86,Lb2,14.066,3.65,0.16
1323,Rn,86,Lb1,14.316,9.7,0.5
1325,Rn,86,Lb3,14.519,0.106,0.016
1327,Rn,86,Lb5,14.565,0.605,0.023
1329,Rn,86,Lg1,16.77,2.15,0.13
1330,Rn,86,Lg2,17.104,0.036,0.006
1331,Rn,86,Lg3,17.258,0.04,0.007
1332,Rn,86,Lg6,17.28,0.44,0.04
1313,Rn,86,Ka3,80.349,0.0616,0.0019
1312,Rn,86,Ka2,81.069,27.9,0.6
1311,Rn,86,Ka1,83.787,46,0.9
1316,Rn,86,Kb3,94.247,5.56,0.11
1314,Rn,86,Kb1,94.868,10.6,0.21
1318,Rn,86,Kb5,95.449,0.349,0.014
1315,Rn,86,Kb2,97.53,3.98,0.08
1317,Rn,86,Kb4,97.853,0.1,0.05
1319,Rn,86,KO,98.257,0.81,0.08
1320,Rn,86,KP,98.389,0.094,0.01
1358,Fr,87,Ll,10.381,0.89,0.08
1346,Fr,87,La2,11.896,1.63,0.06
1345,Fr,87,La1,12.031,14.6,0.5
1357,Fr,87,Ln,13.255,0.247,0.013
1352,Fr,87,Lb6,13.877,0.251,0.009
1350,Fr,87,Lb4,14.319,0.102,0.015
1348,Fr,87,Lb2,14.443,3.74,0.16
1347,Fr,87,Lb1,14.77,9.9,0.5
1351,Fr,87,Lb5,14.967,0.683,0.025
1349,Fr,87,Lb3,14.978,0.106,0.016
1353,Fr,87,Lg1,17.302,2.25,0.13
1354,Fr,87,Lg2,17.635,0.038,0.006
1355,Fr,87,Lg3,17.8,0.041,0.007
1356,Fr,87,Lg6,17.839,0.47,0.04
1337,Fr,87,Ka3,82.496,0.0675,0.002
1336,Fr,87,Ka2,83.231,27.9,0.6
1335,Fr,87,Ka1,86.105,45.8,0.9
1340,Fr,87,Kb3,96.815,5.58,0.11
1338,Fr,87,Kb1,97.474,10.7,0.21
1342,Fr,87,Kb5,98.069,0.358,0.014
1339,Fr,87,Kb2,100.214,4.01,0.08
1341,Fr,87,Kb4,100.548,0.1,0.05
1343,Fr,87,KO,100.972,0.84,0.09
1344,Fr,87,KP,101.118,0.114,0.012
1382,Ra,88,Ll,10.622,0.93,0.08
1370,Ra,88,La2,12.196,1.67,0.06
1369,Ra,88,La1,12.339,14.9,0.6
1381,Ra,88,Ln,13.662,0.255,0.014
1376,Ra,88,Lb6,14.236,0.263,0.01
1374,Ra,88,Lb4,14.749,0.109,0.016
1372,Ra,88,Lb2,14.825,3.86,0.17
1371,Ra,88,Lb1,15.236,10.2,0.6
1375,Ra,88,Lb5,15.375,0.71,0.03
1373,Ra,88,Lb3,15.447,0.11,0.017
1377,Ra,88,Lg1,17.848,2.34,0.14
1378,Ra,88,Lg2,18.177,0.041,0.007
1379,Ra,88,Lg3,18.353,0.044,0.007
1380,Ra,88,Lg6,18.412,0.5,0.05
1361,Ra,88,Ka3,84.683,0.0732,0.0022
1360,Ra,88,Ka2,85.431,28,0.6
1359,Ra,88,Ka1,88.471,45.7,0.9
1364,Ra,88,Kb3,99.432,5.59,0.11
1362,Ra,88,Kb1,100.13,10.7,0.21
1366,Ra,88,Kb5,100.738,0.362,0.015
1363,Ra,88,Kb2,102.948,4.04,0.08
1365,Ra,88,Kb4,103.295,0.11,0.05
1367,Ra,88,KO,103.74,0.86,0.09
1368,Ra,88,KP,103.899,0.132,0.013
1406,Ac,89,Ll,10.871,0.98,0.08
1394,Ac,89,La2,12.5,1.71,0.06
1393,Ac,89,La1,12.651,15.3,0.6
1405,Ac,89,Ln,14.082,0.266,0.014
1400,Ac,89,Lb6,14.601,0.273,0.01
1398,Ac,89,Lb4,15.191,0.113,0.017
1396,Ac,89,Lb2,15.212,3.97,0.17
1395,Ac,89,Lb1,15.711,10.4,0.6
1399,Ac,89,Lb5,15.79,0.76,0.03
1397,Ac,89,Lb3,15.931,0.111,0.017
1401,Ac,89,Lg1,18.405,2.42,0.14
1402,Ac,89,Lg2,18.734,0.044,0.007
1403,Ac,89,Lg3,18.922,0.045,0.007
1404,Ac,89,Lg6,18.997,0.52,0.05
1385,Ac,89,Ka3,86.91,0.0791,0.0024
1384,Ac,89,Ka2,87.675,28.1,0.6
1383,Ac,89,Ka1,90.886,45.5,0.9
1388,Ac,89,Kb3,102.101,5.61,0.11
1386,Ac,89,Kb1,102.841,10.7,0.21
1390,Ac,89,Kb5,103.462,0.371,0.015
1387,Ac,89,Kb2,105.738,4.07,0.08
1389,Ac,89,Kb4,106.098,0.11,0.05
1391,Ac,89,KO,106.563,0.89,0.09
1392,Ac,89,KP,106.738,0.146,0.015
1430,Th,90,Ll,11.118,1.02,0.009
1418,Th,90,La2,12.809,1.75,0.08
1417,Th,90,La1,12.968,15.6,0.7
1429,Th,90,Ln,14.511,0.28,0.03
1424,Th,90,Lb6,14.97,0.284,0.013
1420,Th,90,Lb2,15.605,4.09,0.21
1422,Th,90,Lb4,15.641,0.122,0.021
1419,Th,90,Lb1,16.202,10.7,1.1
1423,Th,90,Lb5,16.209,0.81,0.04
1421,Th,90,Lb3,16.426,0.116,0.02
1425,Th,90,Lg1,18.98,2.5,0.3
1426,Th,90,Lg2,19.304,0.048,0.009
1427,Th,90,Lg3,19.505,0.048,0.009
1428,Th,90,Lg6,19.599,0.54,0.07
1409,Th,90,Ka3,89.178,0.085,0.003
1408,Th,90,Ka2,89.957,28.1,0.6
1407,Th,90,Ka1,93.35,45.4,0.9
1412,Th,90,Kb3,104.819,5.61,0.11
1410,Th,90,Kb1,105.604,10.7,0.21
1414,Th,90,Kb5,106.239,0.38,0.015
1411,Th,90,Kb2,108.582,4.1,0.08
1413,Th,90,Kb4,108.955,0.11,0.05
1415,Th,90,KO,109.442,0.9,0.09
1416,Th,90,KP,109.63,0.16,0.016
1454,Pa,91,Ll,11.372,1.08,0.1
1442,Pa,91,La2,13.127,1.82,0.08
1441,Pa,91,La1,13.291,16.2,0.8
1453,Pa,91,Ln,14.953,0.28,0.03
1448,Pa,91,Lb6,15.35,0.3,0.014
1444,Pa,91,Lb2,16.008,4.27,0.22
1446,Pa,91,Lb4,16.104,0.121,0.021
1447,Pa,91,Lb5,16.639,0.87,0.04
1443,Pa,91,Lb1,16.708,10.5,1.1
1445,Pa,91,Lb3,16.931,0.113,0.019
1449,Pa,91,Lg1,19.571,2.5,0.3
1450,Pa,91,Lg2,19.888,0.048,0.009
1451,Pa,91,Lg3,20.101,0.047,0.009
1452,Pa,91,Lg6,20.217,0.53,0.07
1433,Pa,91,Ka3,91.491,0.091,0.003
1432,Pa,91,Ka2,92.282,28.1,0.6
1431,Pa,91,Ka1,95.863,45.3,0.9
1436,Pa,91,Kb3,107.595,5.64,0.11
1434,Pa,91,Kb1,108.422,10.7,0.22
1438,Pa,91,Kb5,109.072,0.389,0.016
1435,Pa,91,Kb2,111.486,4.13,0.08
1437,Pa,91,Kb4,111.87,0.12,0.06
1439,Pa,91,KO,112.38,0.93,0.1
1440,Pa,91,KP,112.575,0.156,0.016
1478,U,92,Ll,11.62,1.14,0.1
1466,U,92,La2,13.442,1.89,0.09
1465,U,92,La1,13.618,16.8,0.8
1477,U,92,Ln,15.4,0.27,0.03
1472,U,92,Lb6,15.727,0.318,0.015
1468,U,92,Lb2,16.41,4.45,0.23
1470,U,92,Lb4,16.577,0.134,0.023
1471,U,92,Lb5,17.069,0.94,0.04
1467,U,92,Lb1,17.222,10.3,1.1
1469,U,92,Lb3,17.454,0.122,0.021
1473,U,92,Lg1,20.169,2.5,0.3
1474,U,92,Lg2,20.487,0.055,0.01
1475,U,92,Lg3,20.715,0.052,0.009
1476,U,92,Lg6,20.844,0.53,0.07
1457,U,92,Ka3,93.844,0.099,0.003
1456,U,92,Ka2,94.654,28.2,0.6
1455,U,92,Ka1,98.434,45.1,0.9
1460,U,92,Kb3,110.421,5.65,0.11
1458,U,92,Kb1,111.298,10.7,0.22
1462,U,92,Kb5,111.964,0.397,0.016
1459,U,92,Kb2,114.445,4.15,0.08
1461,U,92,Kb4,114.844,0.12,0.06
1463,U,92,KO,115.377,0.95,0.1
1464,U,92,KP,115.58,0.159,0.016
1502,Np,93,Ll,11.871,1.2,0.11
1490,Np,93,La2,13.761,1.94,0.09
1489,Np,93,La1,13.946,17.3,0.8
1501,Np,93,Ln,15.861,0.28,0.03
1496,Np,93,Lb6,16.109,0.333,0.016
1492,Np,93,Lb2,16.817,4.59,0.24
1494,Np,93,Lb4,17.061,0.14,0.024
1495,Np,93,Lb5,17.505,1.17,0.06
1491,Np,93,Lb1,17.751,10.3,1
1493,Np,93,Lb3,17.992,0.124,0.021
1497,Np,93,Lg1,20.784,2.5,0.3
1498,Np,93,Lg2,21.099,0.059,0.011
1499,Np,93,Lg3,21.342,0.054,0.01
1500,Np,93,Lg6,21.491,0.53,0.07
1481,Np,93,Ka3,96.242,0.105,0.003
1480,Np,93,Ka2,97.069,28.3,0.6
1479,Np,93,Ka1,101.059,45.1,0.9
1484,Np,93,Kb3,113.303,5.65,0.11
1482,Np,93,Kb1,114.234,10.7,0.22
1486,Np,93,Kb5,114.912,0.405,0.016
1483,Np,93,Kb2,117.463,4.17,0.08
1485,Np,93,Kb4,117.876,0.12,0.06
1487,Np,93,KO,118.429,0.97,0.1
1488,Np,93,KP,118.646,0.162,0.017
1526,Pu,94,Ll,12.124,1.25,0.11
1514,Pu,94,La2,14.087,2,0.1
1513,Pu,94,La1,14.282,17.9,0.9
1525,Pu,94,Ln,16.333,0.28,0.03
1520,Pu,94,Lb6,16.498,0.349,0.017
1516,Pu,94,Lb2,17.235,4.77,0.25
1518,Pu,94,Lb4,17.557,0.16,0.03
1519,Pu,94,Lb5,17.95,1.06,0.05
1515,Pu,94,Lb1,18.296,10.3,1
1517,Pu,94,Lb3,18.541,0.135,0.023
1521,Pu,94,Lg1,21.42,2.5,0.3
1522,Pu,94,Lg2,21.724,0.067,0.012
1523,Pu,94,Lg3,21.981,0.059,0.011
1524,Pu,94,Lg6,22.153,0.53,0.07
1505,Pu,94,Ka3,98.687,0.114,0.003
1504,Pu,94,Ka2,99.525,28.4,0.6
1503,Pu,94,Ka1,103.734,45.1,0.9
1508,Pu,94,Kb3,116.244,5.44,0.11
1506,Pu,94,Kb1,117.228,10.7,0.22
1510,Pu,94,Kb5,117.918,0.413,0.016
1507,Pu,94,Kb2,120.54,4.18,0.08
1509,Pu,94,Kb4,120.969,0.13,0.06
1511,Pu,94,KO,121.543,0.99,0.1
1512,Pu,94,KP,121.768,0.157,0.016
1550,Am,95,Ll,12.377,1.31,0.12
1538,Am,95,La2,14.414,2.04,0.1
1537,Am,95,La1,14.62,18.2,0.9
1549,Am,95,Ln,16.819,0.28,0.03
1544,Am,95,Lb6,16.89,0.361,0.017
1540,Am,95,Lb2,17.655,4.9,0.3
1542,Am,95,Lb4,18.069,0.16,0.03
1543,Am,95,Lb5,18.399,1.11,0.05
1539,Am,95,Lb1,18.856,10.4,1.1
1541,Am,95,Lb3,19.11,0.137,0.024
1545,Am,95,Lg1,22.072,2.6,0.3
1546,Am,95,Lg2,22.37,0.073,0.013
1547,Am,95,Lg3,22.643,0.062,0.011
1548,Am,95,Lg6,22.836,0.54,0.07
1529,Am,95,Ka3,101.174,0.123,0.004
1528,Am,95,Ka2,102.03,28.5,0.6
1527,Am,95,Ka1,106.472,44.9,0.9
1532,Am,95,Kb3,119.243,5.64,0.11
1530,Am,95,Kb1,120.284,10.7,0.21
1534,Am,95,Kb5,120.989,0.421,0.017
1531,Am,95,Kb2,123.68,4.19,0.08
1533,Am,95,Kb4,124.127,0.13,0.06
1535,Am,95,KO,124.723,1,0.1
1536,Am,95,KP,124.955,0.158,0.016
1574,Cm,96,Ll,12.633,1.36,0.12
1562,Cm,96,La2,14.746,2.08,0.1
1561,Cm,96,La1,14.961,18.5,0.9
1568,Cm,96,Lb6,17.286,0.373,0.018
1573,Cm,96,Ln,17.314,0.29,0.03
1564,Cm,96,Lb2,18.081,5,0.3
1566,Cm,96,Lb4,18.589,0.17,0.03
1567,Cm,96,Lb5,18.853,1.16,0.06
1563,Cm,96,Lb1,19.427,10.6,1.1
1565,Cm,96,Lb3,19.688,0.142,0.024
1569,Cm,96,Lg1,22.735,2.7,0.3
1570,Cm,96,Lg2,23.028,0.079,0.014
1571,Cm,96,Lg3,23.319,0.065,0.012
1572,Cm,96,Lg6,23.527,0.55,0.07
1553,Cm,96,Ka3,103.715,0.132,0.004
1552,Cm,96,Ka2,104.59,28.5,0.6
1551,Cm,96,Ka1,109.271,44.8,0.9
1556,Cm,96,Kb3,122.304,5.63,0.11
1554,Cm,96,Kb1,123.403,10.6,0.21
1558,Cm,96,Kb5,124.124,0.429,0.017
1555,Cm,96,Kb2,126.889,4.19,0.08
1557,Cm,96,Kb4,127.352,0.13,0.06
1559,Cm,96,KO,127.97,1.02,0.1
1560,Cm,96,KP,128.21,0.169,0.017
1598,Bk,97,Ll,12.89,1.4,0.13
1586,Bk,97,La2,15.082,2.1,0.1
1585,Bk,97,La1,15.308,18.8,0.9
1592,Bk,97,Lb6,17.687,0.385,0.018
1597,Bk,97,Ln,17.826,0.3,0.03
1588,Bk,97,Lb2,18.509,5.1,0.3
1590,Bk,97,Lb4,19.118,0.18,0.03
1591,Bk,97,Lb5,19.312,1.19,0.06
1587,Bk,97,Lb1,20.018,10.7,1.1
1589,Bk,97,Lb3,20.28,0.142,0.024
1593,Bk,97,Lg1,23.416,2.7,0.3
1594,Bk,97,Lg2,23.698,0.082,0.015
1595,Bk,97,Lg3,24.007,0.065,0.012
1596,Bk,97,Lg6,24.241,0.57,0.07
1577,Bk,97,Ka3,106.3,0.145,0.004
1576,Bk,97,Ka2,107.185,28.7,0.6
1575,Bk,97,Ka1,112.121,44.6,0.9
1580,Bk,97,Kb3,125.418,5.67,0.11
1578,Bk,97,Kb1,126.58,10.7,0.21
1582,Bk,97,Kb5,127.316,0.437,0.018
1579,Bk,97,Kb2,130.152,4.22,0.09
1581,Bk,97,Kb4,130.63,0.14,0.07
1583,Bk,97,KO,131.274,1.04,0.11
1584,Bk,97,KP,131.524,0.17,0.017
1622,Cf,98,Ll,13.146,1.45,0.13
1610,Cf,98,La2,15.423,2.12,0.1
1609,Cf,98,La1,15.66,19,0.9
1616,Cf,98,Lb6,18.094,0.396,0.019
1621,Cf,98,Ln,18.347,0.3,0.03
1612,Cf,98,Lb2,18.946,5.2,0.3
1614,Cf,98,Lb4,19.665,0.19,0.03
1615,Cf,98,Lb5,19.777,1.23,0.06
1611,Cf,98,Lb1,20.624,10.8,1.1
1613,Cf,98,Lb3,20.894,0.145,0.025
1617,Cf,98,Lg1,24.117,2.8,0.3
1618,Cf,98,Lg2,24.39,0.087,0.016
1619,Cf,98,Lg3,24.718,0.068,0.012
1620,Cf,98,Lg6,24.971,0.59,0.08
1601,Cf,98,Ka3,108.929,0.158,0.005
1600,Cf,98,Ka2,109.831,28.7,0.6
1599,Cf,98,Ka1,115.032,44.4,0.9
1604,Cf,98,Kb3,128.594,5.7,0.11
1602,Cf,98,Kb1,129.823,10.7,0.22
1606,Cf,98,Kb5,130.573,0.449,0.018
1603,Cf,98,Kb2,133.483,4.26,0.09
1605,Cf,98,Kb4,133.979,0.14,0.07
1607,Cf,98,KO,134.646,1.05,0.11
1608,Cf,98,KP,134.908,0.162,0.017
1646,Es,99,Ll,13.403,1.49,0.14
1634,Es,99,La2,15.767,2.15,0.1
1633,Es,99,La1,16.016,19.2,0.9
1640,Es,99,Lb6,18.501,0.407,0.019
1645,Es,99,Ln,18.884,0.31,0.03
1636,Es,99,Lb2,19.387,5.3,0.3
1638,Es,99,Lb4,20.224,0.21,0.04
1639,Es,99,Lb5,20.249,1.26,0.06
1635,Es,99,Lb1,21.248,11,1.1
1637,Es,99,Lb3,21.523,0.15,0.03
1641,Es,99,Lg1,24.836,2.8,0.3
1642,Es,99,Lg2,25.099,0.093,0.017
1643,Es,99,Lg3,25.446,0.071,0.013
1644,Es,99,Lg6,25.723,0.6,0.08
1625,Es,99,Ka3,111.614,0.171,0.005
1624,Es,99,Ka2,112.531,28.8,0.6
1623,Es,99,Ka1,118.012,44.3,0.9
1628,Es,99,Kb3,131.838,5.71,0.11
1626,Es,99,Kb1,133.137,10.7,0.22
1630,Es,99,Kb5,133.904,0.454,0.018
1627,Es,99,Kb2,136.887,4.27,0.09
1629,Es,99,Kb4,137.399,0.14,0.07
1631,Es,99,KO,138.09,1.06,0.11
1632,Es,99,KP,138.363,0.163,0.017
1670,Fm,100,Ll,13.66,1.53,0.15
1658,Fm,100,La2,16.116,2.17,0.13
1657,Fm,100,La1,16.377,19.4,1.1
1664,Fm,100,Lb6,18.916,0.419,0.024
1669,Fm,100,Ln,19.433,0.31,0.03
1660,Fm,100,Lb2,19.834,5.3,0.3
1663,Fm,100,Lb5,20.727,1.29,0.08
1662,Fm,100,Lb4,20.798,0.21,0.04
1659,Fm,100,Lb1,21.889,11.2,0.11
1661,Fm,100,Lb3,22.169,0.15,0.03
1665,Fm,100,Lg1,25.574,2.9,0.3
1666,Fm,100,Lg2,25.825,0.096,0.02
1667,Fm,100,Lg3,26.195,0.071,0.015
1668,Fm,100,Lg6,26.492,0.63,0.08
1649,Fm,100,Ka3,114.352,0.184,0.006
1648,Fm,100,Ka2,115.285,28.9,0.6
1647,Fm,100,Ka1,121.058,44.2,0.9
1652,Fm,100,Kb3,135.15,5.74,0.12
1650,Fm,100,Kb1,136.521,10.8,0.22
1654,Fm,100,Kb5,137.304,0.457,0.018
1651,Fm,100,Kb2,140.362,4.31,0.09
1653,Fm,100,Kb4,140.892,0.15,0.07
1655,Fm,100,KO,141.608,1.08,0.11
1656,Fm,100,KP,141.889,0.163,0.017
1694,Md,101,Ll,13.916,1.57,0.15
1682,Md,101,La2,16.467,2.19,0.13
1681,Md,101,La1,16.741,19.6,1.1
1688,Md,101,Lb6,19.332,0.43,0.025
1693,Md,101,Ln,19.998,0.32,0.03
1684,Md,101,Lb2,20.286,5.4,0.3
1687,Md,101,Lb5,21.21,1.32,0.08
1686,Md,101,Lb4,21.386,0.23,0.05
1683,Md,101,Lb1,22.549,11.4,1.2
1685,Md,101,Lb3,22.835,0.15,0.03
1689,Md,101,Lg1,26.333,3,0.3
1690,Md,101,Lg2,26.571,0.102,0.021
1691,Md,101,Lg3,26.963,0.073,0.015
1692,Md,101,Lg6,27.284,0.65,0.08
1673,Md,101,Ka3,118.139,0.201,0.006
1672,Md,101,Ka2,119.088,29,0.6
1671,Md,101,Ka1,125.17,44.1,0.9
1676,Md,101,Kb3,139.525,5.73,0.12
1674,Md,101,Kb1,140.974,10.7,0.22
1678,Md,101,Kb5,141.774,0.465,0.019
1675,Md,101,Kb2,144.906,4.3,0.09
1677,Md,101,Kb4,145.456,0.15,0.07
1679,Md,101,KO,146.195,1.09,0.11
1680,Md,101,KP,146.49,0.164,0.017
1718,No,102,Ll,14.173,1.61,0.16
1706,No,102,La2,16.823,2.2,0.13
1705,No,102,La1,17.11,19.7,1.1
1712,No,102,Lb6,19.754,0.44,0.03
1717,No,102,Ln,20.577,0.33,0.03
1708,No,102,Lb2,20.744,5.5,0.3
1711,No,102,Lb5,21.7,1.35,0.08
1710,No,102,Lb4,21.99,0.24,0.05
1707,No,102,Lb1,23.227,11.5,1.2
1709,No,102,Lb3,23.519,0.15,0.03
1713,No,102,Lg1,27.11,3.1,0.3
1714,No,102,Lg2,27.336,0.109,0.023
1715,No,102,Lg3,27.752,0.075,0.016
1716,No,102,Lg6,28.094,0.68,0.09
1697,No,102,Ka3,119.987,0.218,0.007
1696,No,102,Ka2,120.953,29,0.6
1695,No,102,Ka1,127.357,44,0.9
1700,No,102,Kb3,141.977,5.75,0.12
1698,No,102,Kb1,143.506,10.7,0.22
1702,No,102,Kb5,144.323,0.472,0.019
1699,No,102,Kb2,147.531,4.32,0.09
1701,No,102,Kb4,148.1,0.15,0.07
1703,No,102,KO,148.865,1.1,0.11
1704,No,102,KP,149.171,0.165,0.017
1742,Lr,103,Ll,14.429,1.64,0.16
1730,Lr,103,La2,17.183,2.22,0.13
1729,Lr,103,La1,17.483,19.8,1.1
1736,Lr,103,Lb6,20.179,0.45,0.03
1741,Lr,103,Ln,21.173,0.34,0.03
1732,Lr,103,Lb2,21.207,5.5,0.4
1735,Lr,103,Lb5,22.195,1.38,0.08
1734,Lr,103,Lb4,22.609,0.24,0.05
1731,Lr,103,Lb1,23.927,11.7,0.12
1733,Lr,103,Lb3,24.223,0.15,0.03
1737,Lr,103,Lg1,27.911,3.1,0.3
1738,Lr,103,Lg2,28.12,0.109,0.023
1739,Lr,103,Lg3,28.56,0.074,0.015
1740,Lr,103,Lg6,28.929,0.7,0.09
1721,Lr,103,Ka3,122.887,0.235,0.007
1720,Lr,103,Ka2,123.867,29.1,0.6
1719,Lr,103,Ka1,130.611,43.8,0.9
1724,Lr,103,Kb3,145.496,5.78,0.12
1722,Lr,103,Kb1,147.11,10.8,0.22
1726,Lr,103,Kb5,147.944,0.479,0.019
1723,Lr,103,Kb2,151.227,4.35,0.09
1725,Lr,103,Kb4,151.818,0.16,0.08
1727,Lr,103,KO,152.607,1.12,0.11
1728,Lr,103,KP,152.926,0.174,0.018
1766,Rf,104,Ll,14.746,1.68,0.16
1754,Rf,104,La2,17.571,2.22,0.13
1753,Rf,104,La1,17.893,19.8,1.1
1760,Rf,104,Lb6,20.67,0.46,0.03
1756,Rf,104,Lb2,21.716,5.6,0.4
1765,Rf,104,Ln,21.825,0.35,0.04
1759,Rf,104,Lb5,22.727,1.41,0.08
1758,Rf,104,Lb4,23.143,0.26,0.05
1755,Rf,104,Lb1,24.65,12,1.2
1757,Rf,104,Lb3,24.872,0.15,0.03
1761,Rf,104,Lg1,28.753,3.2,0.3
1762,Rf,104,lg2,28.846,0.116,0.024
1763,Rf,104,lg3,29.327,0.076,0.016
1764,Rf,104,Lg6,29.796,0.73,0.09
1745,Rf,104,Ka3,125.407,0.252,0.008
1744,Rf,104,Ka2,126.302,29.2,0.6
1743,Rf,104,Ka1,133.381,43.6,0.9
1748,Rf,104,Kb3,148.55,5.79,0.12
1746,Rf,104,Kb1,150.279,10.8,0.22
1750,Rf,104,Kb5,151.113,0.486,0.019
1747,Rf,104,Kb2,154.312,4.36,0.09
1749,Rf,104,Kb4,155.097,0.16,0.08
1751,Rf,104,KO,155.904,1.13,0.11
1752,Rf,104,KP,156.236,0.183,0.019
